match_id,Pt,Pts,Gm#,TbSet,TB?,TBpt,Svr,Ret,Serving,1st,2nd,Notes,1stNoLet,2ndNoLet,1stSV,2ndSV,1stNoSV,2ndNoSV,1stIn,2ndIn,isRally1st,isRally2nd,Sv1,Sv2,Rally,isAce,isUnret,isRallyWinner,isForced,isUnforced,isDouble,rallyNoSpec,rallyNoError,rallyNoDirection,rallyLen,PtWinner,isSvrWinner,PtsAfter,GmW,Gm1,Gm2,SetW,Set1,Set2,RevTB,TBrev,rallyCount
20170129-M-Australian_Open-F-Rafael_Nadal-Roger_Federer,1,0-0,1,1,0,,1,2,RN,4d,5b17;s3b2b1f2f1f2f2f2b1f1n#,,4d,5b17;s3b2b1f2f1f2f2f2b1f1n#,0,0,4d,5b17;s3b2b1f2f1f2f2f2b1f1n#,0,1,0,1,4d,5,b17;s3b2b1f2f1f2f2f2b1f1n#,FALSE,FALSE,FALSE,TRUE,FALSE,FALSE,b17s3b2b1f2f1f2f2f2b1f1n,b17s3b2b1f2f1f2f2f2b1f1,bsbbfffffbf,11,1,1,15-0,0,0,0,1,0,0,,,11
20170129-M-Australian_Open-F-Rafael_Nadal-Roger_Federer,2,15-0,1,1,0,,1,2,RN,4d,4b28b2f2d@,,4d,4b28b2f2d@,0,0,4d,4b28b2f2d@,0,1,0,1,4d,4,b28b2f2d@,FALSE,FALSE,FALSE,FALSE,TRUE,FALSE,b28b2f2d,b28b2f2,bbf,3,1,1,30-0,0,0,0,0,0,0,,,3
20170129-M-Australian_Open-F-Rafael_Nadal-Roger_Federer,3,30-0,1,1,0,,1,2,RN,6s#,,,6s#,,0,,6s#,,1,,1,0,6,,s#,FALSE,FALSE,FALSE,TRUE,FALSE,FALSE,s,s,s,1,1,1,40-0,0,0,0,0,0,0,,,1
20170129-M-Australian_Open-F-Rafael_Nadal-Roger_Federer,4,40-0,1,1,0,,1,2,RN,6f19b1f2b2b1b1f1w@,,,6f19b1f2b2b1b1f1w@,,0,,6f19b1f2b2b1b1f1w@,,1,,1,0,6,,f19b1f2b2b1b1f1w@,FALSE,FALSE,FALSE,FALSE,TRUE,FALSE,f19b1f2b2b1b1f1w,f19b1f2b2b1b1f1,fbfbbbf,7,1,1,GM,1,1,0,0,0,0,,,7
20170129-M-Australian_Open-F-Rafael_Nadal-Roger_Federer,5,0-0,2,1,0,,2,1,RF,4b2n#,,,4b2n#,,0,,4b2n#,,1,,1,0,4,,b2n#,FALSE,FALSE,FALSE,TRUE,FALSE,FALSE,b2n,b2,b,1,2,1,15-0,0,1,0,0,0,0,,,1
20170129-M-Australian_Open-F-Rafael_Nadal-Roger_Federer,6,15-0,2,1,0,,2,1,RF,4n,6b39b2f3b2f3s2f3s3f3b2b2f1b1f2f3b3n#,,4n,6b39b2f3b2f3s2f3s3f3b2b2f1b1f2f3b3n#,0,0,4n,6b39b2f3b2f3s2f3s3f3b2b2f1b1f2f3b3n#,0,1,0,1,4n,6,b39b2f3b2f3s2f3s3f3b2b2f1b1f2f3b3n#,FALSE,FALSE,FALSE,TRUE,FALSE,FALSE,b39b2f3b2f3s2f3s3f3b2b2f1b1f2f3b3n,b39b2f3b2f3s2f3s3f3b2b2f1b1f2f3b3,bbfbfsfsfbbfbffb,16,1,0,15-15,0,1,0,0,0,0,,,16
20170129-M-Australian_Open-F-Rafael_Nadal-Roger_Federer,7,15-15,2,1,0,,2,1,RF,4w,5b#,,4w,5b#,0,0,4w,5b#,0,1,0,1,4w,5,b#,FALSE,FALSE,FALSE,TRUE,FALSE,FALSE,b,b,b,1,2,1,30-15,0,1,0,0,0,0,,,1
20170129-M-Australian_Open-F-Rafael_Nadal-Roger_Federer,8,30-15,2,1,0,,2,1,RF,4d,5b28f2b2b1b2f3*,,4d,5b28f2b2b1b2f3*,0,0,4d,5b28f2b2b1b2f3*,0,1,0,1,4d,5,b28f2b2b1b2f3*,FALSE,FALSE,TRUE,FALSE,FALSE,FALSE,b28f2b2b1b2f3,b28f2b2b1b2f3,bfbbbf,6,2,1,40-15,0,1,0,0,0,0,,,7
20170129-M-Australian_Open-F-Rafael_Nadal-Roger_Federer,9,40-15,2,1,0,,2,1,RF,4x,5b27b2f1f1n@,,4x,5b27b2f1f1n@,0,0,4x,5b27b2f1f1n@,0,1,0,1,4x,5,b27b2f1f1n@,FALSE,FALSE,FALSE,FALSE,TRUE,FALSE,b27b2f1f1n,b27b2f1f1,bbff,4,1,0,40-30,0,1,0,0,0,0,,,4
20170129-M-Australian_Open-F-Rafael_Nadal-Roger_Federer,10,40-30,2,1,0,,2,1,RF,4f37f1+m#,,,4f37f1+m#,,0,,4f37f1+m#,,1,,1,0,4,,f37f1+m#,FALSE,FALSE,FALSE,TRUE,FALSE,FALSE,f37f1m,f37f1m,ffm,3,2,1,GM,2,1,1,0,0,0,,,3
20170129-M-Australian_Open-F-Rafael_Nadal-Roger_Federer,11,0-0,3,1,0,,1,2,RN,6b27b1f3*,,,6b27b1f3*,,0,,6b27b1f3*,,1,,1,0,6,,b27b1f3*,FALSE,FALSE,TRUE,FALSE,FALSE,FALSE,b27b1f3,b27b1f3,bbf,3,2,0,0-15,0,1,1,0,0,0,,,4
20170129-M-Australian_Open-F-Rafael_Nadal-Roger_Federer,12,0-15,3,1,0,,1,2,RN,4b#,,,4b#,,0,,4b#,,1,,1,0,4,,b#,FALSE,FALSE,FALSE,TRUE,FALSE,FALSE,b,b,b,1,1,1,15-15,0,1,1,0,0,0,,,1
20170129-M-Australian_Open-F-Rafael_Nadal-Roger_Federer,13,15-15,3,1,0,,1,2,RN,5n,6b29f2b3w@,,5n,6b29f2b3w@,0,0,5n,6b29f2b3w@,0,1,0,1,5n,6,b29f2b3w@,FALSE,FALSE,FALSE,FALSE,TRUE,FALSE,b29f2b3w,b29f2b3,bfb,3,1,1,30-15,0,1,1,0,0,0,,,3
20170129-M-Australian_Open-F-Rafael_Nadal-Roger_Federer,14,30-15,3,1,0,,1,2,RN,5n,6n,,5n,6n,0,0,5n,6n,0,0,0,0,5n,6n,,FALSE,FALSE,FALSE,FALSE,FALSE,TRUE,,,,0,2,0,30-30,0,1,1,0,0,0,,,0
20170129-M-Australian_Open-F-Rafael_Nadal-Roger_Federer,15,30-30,3,1,0,,1,2,RN,6n,6b29b3b3f;3*,,6n,6b29b3b3f;3*,0,0,6n,6b29b3b3f;3*,0,1,0,1,6n,6,b29b3b3f;3*,FALSE,FALSE,TRUE,FALSE,FALSE,FALSE,b29b3b3f3,b29b3b3f3,bbbf,4,1,1,40-30,0,1,1,0,0,0,,,5
20170129-M-Australian_Open-F-Rafael_Nadal-Roger_Federer,16,40-30,3,1,0,,1,2,RN,4b2n#,,,4b2n#,,0,,4b2n#,,1,,1,0,4,,b2n#,FALSE,FALSE,FALSE,TRUE,FALSE,FALSE,b2n,b2,b,1,1,1,GM,1,2,1,0,0,0,,,1
20170129-M-Australian_Open-F-Rafael_Nadal-Roger_Federer,17,0-0,4,1,0,,2,1,RF,4n,4b1n#,,4n,4b1n#,0,0,4n,4b1n#,0,1,0,1,4n,4,b1n#,FALSE,FALSE,FALSE,TRUE,FALSE,FALSE,b1n,b1,b,1,2,1,15-0,0,2,1,0,0,0,,,1
20170129-M-Australian_Open-F-Rafael_Nadal-Roger_Federer,18,15-0,4,1,0,,2,1,RF,4d,4f38f1b1f3r3b1d@,,4d,4f38f1b1f3r3b1d@,0,0,4d,4f38f1b1f3r3b1d@,0,1,0,1,4d,4,f38f1b1f3r3b1d@,FALSE,FALSE,FALSE,FALSE,TRUE,FALSE,f38f1b1f3r3b1d,f38f1b1f3r3b1,ffbfrb,6,1,0,15-15,0,2,1,0,0,0,,,6
20170129-M-Australian_Open-F-Rafael_Nadal-Roger_Federer,19,15-15,4,1,0,,2,1,RF,4s29f+1b2z3f2z1*,,,4s29f+1b2z3f2z1*,,0,,4s29f+1b2z3f2z1*,,1,,1,0,4,,s29f+1b2z3f2z1*,FALSE,FALSE,TRUE,FALSE,FALSE,FALSE,s29f1b2z3f2z1,s29f1b2z3f2z1,sfbzfz,6,2,1,30-15,0,2,1,0,0,0,,,7
20170129-M-Australian_Open-F-Rafael_Nadal-Roger_Federer,20,30-15,4,1,0,,2,1,RF,6b17f3*,,,6b17f3*,,0,,6b17f3*,,1,,1,0,6,,b17f3*,FALSE,FALSE,TRUE,FALSE,FALSE,FALSE,b17f3,b17f3,bf,2,2,1,40-15,0,2,1,0,0,0,,,3
20170129-M-Australian_Open-F-Rafael_Nadal-Roger_Federer,21,40-15,4,1,0,,2,1,RF,6f37b3f3b1s#,,,6f37b3f3b1s#,,0,,6f37b3f3b1s#,,1,,1,0,6,,f37b3f3b1s#,FALSE,FALSE,FALSE,TRUE,FALSE,FALSE,f37b3f3b1s,f37b3f3b1s,fbfbs,5,2,1,GM,2,2,2,0,0,0,,,5
20170129-M-Australian_Open-F-Rafael_Nadal-Roger_Federer,22,0-0,5,1,0,,1,2,RN,6b28f3b2b2b3f3b+3f1v#,,,6b28f3b2b2b3f3b+3f1v#,,0,,6b28f3b2b2b3f3b+3f1v#,,1,,1,0,6,,b28f3b2b2b3f3b+3f1v#,FALSE,FALSE,FALSE,TRUE,FALSE,FALSE,b28f3b2b2b3f3b3f1v,b28f3b2b2b3f3b3f1v,bfbbbfbfv,9,1,1,15-0,0,2,2,0,0,0,,,9
20170129-M-Australian_Open-F-Rafael_Nadal-Roger_Federer,23,15-0,5,1,0,,1,2,RN,4b28b1r#,,,4b28b1r#,,0,,4b28b1r#,,1,,1,0,4,,b28b1r#,FALSE,FALSE,FALSE,TRUE,FALSE,FALSE,b28b1r,b28b1r,bbr,3,1,1,30-0,0,2,2,0,0,0,,,3
20170129-M-Australian_Open-F-Rafael_Nadal-Roger_Federer,24,30-0,5,1,0,,1,2,RN,4f17b+3b#,,,4f17b+3b#,,0,,4f17b+3b#,,1,,1,0,4,,f17b+3b#,FALSE,FALSE,FALSE,TRUE,FALSE,FALSE,f17b3b,f17b3b,fbb,3,1,1,40-0,0,2,2,0,0,0,,,3
20170129-M-Australian_Open-F-Rafael_Nadal-Roger_Federer,25,40-0,5,1,0,,1,2,RN,5f#,,,5f#,,0,,5f#,,1,,1,0,5,,f#,FALSE,FALSE,FALSE,TRUE,FALSE,FALSE,f,f,f,1,1,1,GM,1,3,2,0,0,0,,,1
20170129-M-Australian_Open-F-Rafael_Nadal-Roger_Federer,26,0-0,6,1,0,,2,1,RF,4n,4b28f1b2f3f3f2b1d@,,4n,4b28f1b2f3f3f2b1d@,0,0,4n,4b28f1b2f3f3f2b1d@,0,1,0,1,4n,4,b28f1b2f3f3f2b1d@,FALSE,FALSE,FALSE,FALSE,TRUE,FALSE,b28f1b2f3f3f2b1d,b28f1b2f3f3f2b1,bfbfffb,7,2,1,15-0,0,3,2,0,0,0,,,7
20170129-M-Australian_Open-F-Rafael_Nadal-Roger_Federer,27,15-0,6,1,0,,2,1,RF,4n,6b27f3*,,4n,6b27f3*,0,0,4n,6b27f3*,0,1,0,1,4n,6,b27f3*,FALSE,FALSE,TRUE,FALSE,FALSE,FALSE,b27f3,b27f3,bf,2,2,1,30-0,0,3,2,0,0,0,,,3
20170129-M-Australian_Open-F-Rafael_Nadal-Roger_Federer,28,30-0,6,1,0,,2,1,RF,4*,,,4*,,0,,4*,,1,,0,0,4*,,,TRUE,FALSE,FALSE,FALSE,FALSE,FALSE,,,,0,2,1,40-0,0,3,2,0,0,0,,,1
20170129-M-Australian_Open-F-Rafael_Nadal-Roger_Federer,29,40-0,6,1,0,,2,1,RF,4f38f3f#,,,4f38f3f#,,0,,4f38f3f#,,1,,1,0,4,,f38f3f#,FALSE,FALSE,FALSE,TRUE,FALSE,FALSE,f38f3f,f38f3f,fff,3,2,1,GM,2,3,3,0,0,0,,,3
20170129-M-Australian_Open-F-Rafael_Nadal-Roger_Federer,30,0-0,7,1,0,,1,2,RN,6n,5b19+s2z3*,,6n,5b19+s2z3*,0,0,6n,5b19+s2z3*,0,1,0,1,6n,5,b19+s2z3*,FALSE,FALSE,TRUE,FALSE,FALSE,FALSE,b19s2z3,b19s2z3,bsz,3,2,0,0-15,0,3,3,0,0,0,,,4
20170129-M-Australian_Open-F-Rafael_Nadal-Roger_Federer,31,0-15,7,1,0,,1,2,RN,4w,4b3w#,,4w,4b3w#,0,0,4w,4b3w#,0,1,0,1,4w,4,b3w#,FALSE,FALSE,FALSE,TRUE,FALSE,FALSE,b3w,b3,b,1,1,1,15-15,0,3,3,0,0,0,,,1
20170129-M-Australian_Open-F-Rafael_Nadal-Roger_Federer,32,15-15,7,1,0,,1,2,RN,5f18f1f1b1f3f3s2f1f2b2b2f3b1s3w#,,,5f18f1f1b1f3f3s2f1f2b2b2f3b1s3w#,,0,,5f18f1f1b1f3f3s2f1f2b2b2f3b1s3w#,,1,,1,0,5,,f18f1f1b1f3f3s2f1f2b2b2f3b1s3w#,FALSE,FALSE,FALSE,TRUE,FALSE,FALSE,f18f1f1b1f3f3s2f1f2b2b2f3b1s3w,f18f1f1b1f3f3s2f1f2b2b2f3b1s3,fffbffsffbbfbs,14,2,0,15-30,0,3,3,0,0,0,,,14
20170129-M-Australian_Open-F-Rafael_Nadal-Roger_Federer,33,15-30,7,1,0,,1,2,RN,4b19b1f1b1r1f1f2f3s3f3b3f2j1*,,,4b19b1f1b1r1f1f2f3s3f3b3f2j1*,,0,,4b19b1f1b1r1f1f2f3s3f3b3f2j1*,,1,,1,0,4,,b19b1f1b1r1f1f2f3s3f3b3f2j1*,FALSE,FALSE,TRUE,FALSE,FALSE,FALSE,b19b1f1b1r1f1f2f3s3f3b3f2j1,b19b1f1b1r1f1f2f3s3f3b3f2j1,bbfbrfffsfbfj,13,2,0,15-40,0,3,3,0,0,0,,,14
20170129-M-Australian_Open-F-Rafael_Nadal-Roger_Federer,34,15-40,7,1,0,,1,2,RN,4f19b1f1s3b2b1w@,,RN CH error unsucc,4f19b1f1s3b2b1w@,,0,,4f19b1f1s3b2b1w@,,1,,1,0,4,,f19b1f1s3b2b1w@,FALSE,FALSE,FALSE,FALSE,TRUE,FALSE,f19b1f1s3b2b1w,f19b1f1s3b2b1,fbfsbb,6,2,0,GM,2,3,4,0,0,0,,,6
20170129-M-Australian_Open-F-Rafael_Nadal-Roger_Federer,35,0-0,8,1,0,,2,1,RF,6f#,,,6f#,,0,,6f#,,1,,1,0,6,,f#,FALSE,FALSE,FALSE,TRUE,FALSE,FALSE,f,f,f,1,2,1,15-0,0,3,4,0,0,0,,,1
20170129-M-Australian_Open-F-Rafael_Nadal-Roger_Federer,36,15-0,8,1,0,,2,1,RF,6+m28o1*,,,6+m28o1*,,1,,6m28o1*,,1,,1,0,6,,m28o1*,FALSE,FALSE,TRUE,FALSE,FALSE,FALSE,m28o1,m28o1,mo,2,2,1,30-0,0,3,4,0,0,0,,,3
20170129-M-Australian_Open-F-Rafael_Nadal-Roger_Federer,37,30-0,8,1,0,,2,1,RF,6f17f+3*,,,6f17f+3*,,0,,6f17f+3*,,1,,1,0,6,,f17f+3*,FALSE,FALSE,TRUE,FALSE,FALSE,FALSE,f17f3,f17f3,ff,2,2,1,40-0,0,3,4,0,0,0,,,3
20170129-M-Australian_Open-F-Rafael_Nadal-Roger_Federer,38,40-0,8,1,0,,2,1,RF,6*,,,6*,,0,,6*,,1,,0,0,6*,,,TRUE,FALSE,FALSE,FALSE,FALSE,FALSE,,,,0,2,1,GM,2,3,5,0,0,0,,,1
20170129-M-Australian_Open-F-Rafael_Nadal-Roger_Federer,39,0-0,9,1,0,,1,2,RN,6d,6f28f3b2b1f1b3b3f1n@,,6d,6f28f3b2b1f1b3b3f1n@,0,0,6d,6f28f3b2b1f1b3b3f1n@,0,1,0,1,6d,6,f28f3b2b1f1b3b3f1n@,FALSE,FALSE,FALSE,FALSE,TRUE,FALSE,f28f3b2b1f1b3b3f1n,f28f3b2b1f1b3b3f1,ffbbfbbf,8,2,0,0-15,0,3,5,0,0,0,,,8
20170129-M-Australian_Open-F-Rafael_Nadal-Roger_Federer,40,0-15,9,1,0,,1,2,RN,4s37f+3*,,,4s37f+3*,,0,,4s37f+3*,,1,,1,0,4,,s37f+3*,FALSE,FALSE,TRUE,FALSE,FALSE,FALSE,s37f3,s37f3,sf,2,1,1,15-15,0,3,5,0,0,0,,,3
20170129-M-Australian_Open-F-Rafael_Nadal-Roger_Federer,41,15-15,9,1,0,,1,2,RN,6d,4*,,6d,4*,0,0,6d,4*,0,1,0,0,6d,4*,,TRUE,FALSE,FALSE,FALSE,FALSE,FALSE,,,,0,1,1,30-15,0,3,5,0,0,0,,,1
20170129-M-Australian_Open-F-Rafael_Nadal-Roger_Federer,42,30-15,9,1,0,,1,2,RN,6d,4b1w#,,6d,4b1w#,0,0,6d,4b1w#,0,1,0,1,6d,4,b1w#,FALSE,FALSE,FALSE,TRUE,FALSE,FALSE,b1w,b1,b,1,1,1,40-15,0,3,5,0,0,0,,,1
20170129-M-Australian_Open-F-Rafael_Nadal-Roger_Federer,43,40-15,9,1,0,,1,2,RN,6w,5b17b1w@,,6w,5b17b1w@,0,0,6w,5b17b1w@,0,1,0,1,6w,5,b17b1w@,FALSE,FALSE,FALSE,FALSE,TRUE,FALSE,b17b1w,b17b1,bb,2,2,0,40-30,0,3,5,0,0,0,,,2
20170129-M-Australian_Open-F-Rafael_Nadal-Roger_Federer,44,40-30,9,1,0,,1,2,RN,4b28f3*,,,4b28f3*,,0,,4b28f3*,,1,,1,0,4,,b28f3*,FALSE,FALSE,TRUE,FALSE,FALSE,FALSE,b28f3,b28f3,bf,2,1,1,GM,1,4,5,0,0,0,,,3
20170129-M-Australian_Open-F-Rafael_Nadal-Roger_Federer,45,0-0,10,1,0,,2,1,RF,6f37f-1b1*,,,6f37f-1b1*,,0,,6f37f-1b1*,,1,,1,0,6,,f37f-1b1*,FALSE,FALSE,TRUE,FALSE,FALSE,FALSE,f37f1b1,f37f1b1,ffb,3,1,0,0-15,0,4,5,0,0,0,,,4
20170129-M-Australian_Open-F-Rafael_Nadal-Roger_Federer,46,0-15,10,1,0,,2,1,RF,4*,,,4*,,0,,4*,,1,,0,0,4*,,,TRUE,FALSE,FALSE,FALSE,FALSE,FALSE,,,,0,2,1,15-15,0,4,5,0,0,0,,,1
20170129-M-Australian_Open-F-Rafael_Nadal-Roger_Federer,47,15-15,10,1,0,,2,1,RF,4b#,,,4b#,,0,,4b#,,1,,1,0,4,,b#,FALSE,FALSE,FALSE,TRUE,FALSE,FALSE,b,b,b,1,2,1,30-15,0,4,5,0,0,0,,,1
20170129-M-Australian_Open-F-Rafael_Nadal-Roger_Federer,48,30-15,10,1,0,,2,1,RF,4n,6b29f3f3b3f2n#,,4n,6b29f3f3b3f2n#,0,0,4n,6b29f3f3b3f2n#,0,1,0,1,4n,6,b29f3f3b3f2n#,FALSE,FALSE,FALSE,TRUE,FALSE,FALSE,b29f3f3b3f2n,b29f3f3b3f2,bffbf,5,2,1,40-15,0,4,5,0,0,0,,,5
20170129-M-Australian_Open-F-Rafael_Nadal-Roger_Federer,49,40-15,10,1,0,,2,1,RF,4*,,,4*,,0,,4*,,1,,0,0,4*,,,TRUE,FALSE,FALSE,FALSE,FALSE,FALSE,,,,0,2,1,GM,2,4,6,2,0,1,,,1
20170129-M-Australian_Open-F-Rafael_Nadal-Roger_Federer,50,0-0,11,1,0,,1,2,RN,6b29f2b2+b2d#,,,6b29f2b2+b2d#,,0,,6b29f2b2+b2d#,,1,,1,0,6,,b29f2b2+b2d#,FALSE,FALSE,FALSE,TRUE,FALSE,FALSE,b29f2b2b2d,b29f2b2b2,bfbb,4,2,0,0-15,0,0,0,0,0,1,,,4
20170129-M-Australian_Open-F-Rafael_Nadal-Roger_Federer,51,0-15,11,1,0,,1,2,RN,5s29f3s3f3+b1z1*,,,5s29f3s3f3+b1z1*,,0,,5s29f3s3f3+b1z1*,,1,,1,0,5,,s29f3s3f3+b1z1*,FALSE,FALSE,TRUE,FALSE,FALSE,FALSE,s29f3s3f3b1z1,s29f3s3f3b1z1,sfsfbz,6,1,1,15-15,0,0,0,0,0,1,,,7
20170129-M-Australian_Open-F-Rafael_Nadal-Roger_Federer,52,15-15,11,1,0,,1,2,RN,5f17b1f3w@,,,5f17b1f3w@,,0,,5f17b1f3w@,,1,,1,0,5,,f17b1f3w@,FALSE,FALSE,FALSE,FALSE,TRUE,FALSE,f17b1f3w,f17b1f3,fbf,3,1,1,30-15,0,0,0,0,0,1,,,3
20170129-M-Australian_Open-F-Rafael_Nadal-Roger_Federer,53,30-15,11,1,0,,1,2,RN,4x,4b38f3b2f3b3f3s1b2f3n@,,4x,4b38f3b2f3b3f3s1b2f3n@,0,0,4x,4b38f3b2f3b3f3s1b2f3n@,0,1,0,1,4x,4,b38f3b2f3b3f3s1b2f3n@,FALSE,FALSE,FALSE,FALSE,TRUE,FALSE,b38f3b2f3b3f3s1b2f3n,b38f3b2f3b3f3s1b2f3,bfbfbfsbf,9,1,1,40-15,0,0,0,0,0,1,,,9
20170129-M-Australian_Open-F-Rafael_Nadal-Roger_Federer,54,40-15,11,1,0,,1,2,RN,6n,4*,,6n,4*,0,0,6n,4*,0,1,0,0,6n,4*,,TRUE,FALSE,FALSE,FALSE,FALSE,FALSE,,,,0,1,1,GM,1,1,0,0,0,1,,,1
20170129-M-Australian_Open-F-Rafael_Nadal-Roger_Federer,55,0-0,12,1,0,,2,1,RF,4n,4n,,4n,4n,0,0,4n,4n,0,0,0,0,4n,4n,,FALSE,FALSE,FALSE,FALSE,FALSE,TRUE,,,,0,1,0,0-15,0,1,0,0,0,1,,,0
20170129-M-Australian_Open-F-Rafael_Nadal-Roger_Federer,56,0-15,12,1,0,,2,1,RF,6d,6f38f1b2f2b1f1b3b2b1f1n@,,6d,6f38f1b2f2b1f1b3b2b1f1n@,0,0,6d,6f38f1b2f2b1f1b3b2b1f1n@,0,1,0,1,6d,6,f38f1b2f2b1f1b3b2b1f1n@,FALSE,FALSE,FALSE,FALSE,TRUE,FALSE,f38f1b2f2b1f1b3b2b1f1n,f38f1b2f2b1f1b3b2b1f1,ffbfbfbbbf,10,1,0,0-30,0,1,0,0,0,1,,,10
20170129-M-Australian_Open-F-Rafael_Nadal-Roger_Federer,57,0-30,12,1,0,,2,1,RF,4b27f+3f3n#,,,4b27f+3f3n#,,0,,4b27f+3f3n#,,1,,1,0,4,,b27f+3f3n#,FALSE,FALSE,FALSE,TRUE,FALSE,FALSE,b27f3f3n,b27f3f3,bff,3,2,1,15-30,0,1,0,0,0,1,,,3
20170129-M-Australian_Open-F-Rafael_Nadal-Roger_Federer,58,15-30,12,1,0,,2,1,RF,4n,6f28f;3*,,4n,6f28f;3*,0,0,4n,6f28f;3*,0,1,0,1,4n,6,f28f;3*,FALSE,FALSE,TRUE,FALSE,FALSE,FALSE,f28f3,f28f3,ff,2,2,1,30-30,0,1,0,0,0,1,,,3
20170129-M-Australian_Open-F-Rafael_Nadal-Roger_Federer,59,30-30,12,1,0,,2,1,RF,6f27f-3f1*,,,6f27f-3f1*,,0,,6f27f-3f1*,,1,,1,0,6,,f27f-3f1*,FALSE,FALSE,TRUE,FALSE,FALSE,FALSE,f27f3f1,f27f3f1,fff,3,1,0,30-40,0,1,0,0,0,1,,,4
20170129-M-Australian_Open-F-Rafael_Nadal-Roger_Federer,60,30-40,12,1,0,,2,1,RF,6s28j3f#,,,6s28j3f#,,0,,6s28j3f#,,1,,1,0,6,,s28j3f#,FALSE,FALSE,FALSE,TRUE,FALSE,FALSE,s28j3f,s28j3f,sjf,3,2,1,40-40,0,1,0,0,0,1,,,3
20170129-M-Australian_Open-F-Rafael_Nadal-Roger_Federer,61,40-40,12,1,0,,2,1,RF,6f19f3f3f3f+1r1z3b3n#,,,6f19f3f3f3f+1r1z3b3n#,,0,,6f19f3f3f3f+1r1z3b3n#,,1,,1,0,6,,f19f3f3f3f+1r1z3b3n#,FALSE,FALSE,FALSE,TRUE,FALSE,FALSE,f19f3f3f3f1r1z3b3n,f19f3f3f3f1r1z3b3,fffffrzb,8,1,0,40-AD,0,1,0,0,0,1,,,8
20170129-M-Australian_Open-F-Rafael_Nadal-Roger_Federer,62,40-AD,12,1,0,,2,1,RF,4d,6f38b2f3b2f3s3n@,,4d,6f38b2f3b2f3s3n@,0,0,4d,6f38b2f3b2f3s3n@,0,1,0,1,4d,6,f38b2f3b2f3s3n@,FALSE,FALSE,FALSE,FALSE,TRUE,FALSE,f38b2f3b2f3s3n,f38b2f3b2f3s3,fbfbfs,6,1,0,GM,1,2,0,0,0,1,,,6
20170129-M-Australian_Open-F-Rafael_Nadal-Roger_Federer,63,0-0,13,1,0,,1,2,RN,6x,6f#,,6x,6f#,0,0,6x,6f#,0,1,0,1,6x,6,f#,FALSE,FALSE,FALSE,TRUE,FALSE,FALSE,f,f,f,1,1,1,15-0,0,2,0,0,0,1,,,1
20170129-M-Australian_Open-F-Rafael_Nadal-Roger_Federer,64,15-0,13,1,0,,1,2,RN,4b29b2f2f1*,,,4b29b2f2f1*,,0,,4b29b2f2f1*,,1,,1,0,4,,b29b2f2f1*,FALSE,FALSE,TRUE,FALSE,FALSE,FALSE,b29b2f2f1,b29b2f2f1,bbff,4,1,1,30-0,0,2,0,0,0,1,,,5
20170129-M-Australian_Open-F-Rafael_Nadal-Roger_Federer,65,30-0,13,1,0,,1,2,RN,6w,4f29f2n@,,6w,4f29f2n@,0,0,6w,4f29f2n@,0,1,0,1,6w,4,f29f2n@,FALSE,FALSE,FALSE,FALSE,TRUE,FALSE,f29f2n,f29f2,ff,2,2,0,30-15,0,2,0,0,0,1,,,2
20170129-M-Australian_Open-F-Rafael_Nadal-Roger_Federer,66,30-15,13,1,0,,1,2,RN,5f28f3n@,,,5f28f3n@,,0,,5f28f3n@,,1,,1,0,5,,f28f3n@,FALSE,FALSE,FALSE,FALSE,TRUE,FALSE,f28f3n,f28f3,ff,2,2,0,30-30,0,2,0,0,0,1,,,2
20170129-M-Australian_Open-F-Rafael_Nadal-Roger_Federer,67,30-30,13,1,0,,1,2,RN,6d,6b18b1d@,,6d,6b18b1d@,0,0,6d,6b18b1d@,0,1,0,1,6d,6,b18b1d@,FALSE,FALSE,FALSE,FALSE,TRUE,FALSE,b18b1d,b18b1,bb,2,2,0,30-40,0,2,0,0,0,1,,,2
20170129-M-Australian_Open-F-Rafael_Nadal-Roger_Federer,68,30-40,13,1,0,,1,2,RN,4b19b1f1b2f2b1f2d@,,,4b19b1f1b2f2b1f2d@,,0,,4b19b1f1b2f2b1f2d@,,1,,1,0,4,,b19b1f1b2f2b1f2d@,FALSE,FALSE,FALSE,FALSE,TRUE,FALSE,b19b1f1b2f2b1f2d,b19b1f1b2f2b1f2,bbfbfbf,7,1,1,40-40,0,2,0,0,0,1,,,7
20170129-M-Australian_Open-F-Rafael_Nadal-Roger_Federer,69,40-40,13,1,0,,1,2,RN,6b18f3b2f3f3d@,,,6b18f3b2f3f3d@,,0,,6b18f3b2f3f3d@,,1,,1,0,6,,b18f3b2f3f3d@,FALSE,FALSE,FALSE,FALSE,TRUE,FALSE,b18f3b2f3f3d,b18f3b2f3f3,bfbff,5,1,1,AD-40,0,2,0,0,0,1,,,5
20170129-M-Australian_Open-F-Rafael_Nadal-Roger_Federer,70,AD-40,13,1,0,,1,2,RN,4w,4b39f3n#,,4w,4b39f3n#,0,0,4w,4b39f3n#,0,1,0,1,4w,4,b39f3n#,FALSE,FALSE,FALSE,TRUE,FALSE,FALSE,b39f3n,b39f3,bf,2,2,0,40-40,0,2,0,0,0,1,,,2
20170129-M-Australian_Open-F-Rafael_Nadal-Roger_Federer,71,40-40,13,1,0,,1,2,RN,4f19f2b+1b1v3l2o1*,,,4f19f2b+1b1v3l2o1*,,0,,4f19f2b+1b1v3l2o1*,,1,,1,0,4,,f19f2b+1b1v3l2o1*,FALSE,FALSE,TRUE,FALSE,FALSE,FALSE,f19f2b1b1v3l2o1,f19f2b1b1v3l2o1,ffbbvlo,7,2,0,40-AD,0,2,0,0,0,1,,,8
20170129-M-Australian_Open-F-Rafael_Nadal-Roger_Federer,72,40-AD,13,1,0,,1,2,RN,6d,4b19b3b3f3b2f1r1f3b3f3b2f2b2b1f3w#,,6d,4b19b3b3f3b2f1r1f3b3f3b2f2b2b1f3w#,0,0,6d,4b19b3b3f3b2f1r1f3b3f3b2f2b2b1f3w#,0,1,0,1,6d,4,b19b3b3f3b2f1r1f3b3f3b2f2b2b1f3w#,FALSE,FALSE,FALSE,TRUE,FALSE,FALSE,b19b3b3f3b2f1r1f3b3f3b2f2b2b1f3w,b19b3b3f3b2f1r1f3b3f3b2f2b2b1f3,bbbfbfrfbfbfbbf,15,1,1,40-40,0,2,0,0,0,1,,,15
20170129-M-Australian_Open-F-Rafael_Nadal-Roger_Federer,73,40-40,13,1,0,,1,2,RN,6b28f3b2f3b1d@,,,6b28f3b2f3b1d@,,0,,6b28f3b2f3b1d@,,1,,1,0,6,,b28f3b2f3b1d@,FALSE,FALSE,FALSE,FALSE,TRUE,FALSE,b28f3b2f3b1d,b28f3b2f3b1,bfbfb,5,1,1,AD-40,0,2,0,0,0,1,,,5
20170129-M-Australian_Open-F-Rafael_Nadal-Roger_Federer,74,AD-40,13,1,0,,1,2,RN,4b1d#,,,4b1d#,,0,,4b1d#,,1,,1,0,4,,b1d#,FALSE,FALSE,FALSE,TRUE,FALSE,FALSE,b1d,b1,b,1,1,1,GM,1,3,0,0,0,1,,,1
20170129-M-Australian_Open-F-Rafael_Nadal-Roger_Federer,75,0-0,14,1,0,,2,1,RF,4b17f3n@,,,4b17f3n@,,0,,4b17f3n@,,1,,1,0,4,,b17f3n@,FALSE,FALSE,FALSE,FALSE,TRUE,FALSE,b17f3n,b17f3,bf,2,1,0,0-15,0,3,0,0,0,1,,,2
20170129-M-Australian_Open-F-Rafael_Nadal-Roger_Federer,76,0-15,14,1,0,,2,1,RF,6s18f1b1f1w@,,,6s18f1b1f1w@,,0,,6s18f1b1f1w@,,1,,1,0,6,,s18f1b1f1w@,FALSE,FALSE,FALSE,FALSE,TRUE,FALSE,s18f1b1f1w,s18f1b1f1,sfbf,4,1,0,0-30,0,3,0,0,0,1,,,4
20170129-M-Australian_Open-F-Rafael_Nadal-Roger_Federer,77,0-30,14,1,0,,2,1,RF,4+b39*,,,4+b39*,,1,,4b39*,,1,,1,0,4,,b39*,FALSE,FALSE,TRUE,FALSE,FALSE,FALSE,b39,b39,b,1,1,0,0-40,0,3,0,0,0,1,,,2
20170129-M-Australian_Open-F-Rafael_Nadal-Roger_Federer,78,0-40,14,1,0,,2,1,RF,6b39b3f3d@,,,6b39b3f3d@,,0,,6b39b3f3d@,,1,,1,0,6,,b39b3f3d@,FALSE,FALSE,FALSE,FALSE,TRUE,FALSE,b39b3f3d,b39b3f3,bbf,3,2,1,15-40,0,3,0,0,0,1,,,3
20170129-M-Australian_Open-F-Rafael_Nadal-Roger_Federer,79,15-40,14,1,0,,2,1,RF,4b27;f+3f#,,,4b27;f+3f#,,0,,4b27;f+3f#,,1,,1,0,4,,b27;f+3f#,FALSE,FALSE,FALSE,TRUE,FALSE,FALSE,b27f3f,b27f3f,bff,3,2,1,30-40,0,3,0,0,0,1,,,3
20170129-M-Australian_Open-F-Rafael_Nadal-Roger_Federer,80,30-40,14,1,0,,2,1,RF,4f38f3w@,,,4f38f3w@,,0,,4f38f3w@,,1,,1,0,4,,f38f3w@,FALSE,FALSE,FALSE,FALSE,TRUE,FALSE,f38f3w,f38f3,ff,2,1,0,GM,1,4,0,0,0,1,,,2
20170129-M-Australian_Open-F-Rafael_Nadal-Roger_Federer,81,0-0,15,1,0,,1,2,RN,6b29f3b3f3b3f2f1+*,,,6b29f3b3f3b3f2f1+*,,0,,6b29f3b3f3b3f2f1+*,,1,,1,0,6,,b29f3b3f3b3f2f1+*,FALSE,FALSE,TRUE,FALSE,FALSE,FALSE,b29f3b3f3b3f2f1,b29f3b3f3b3f2f1,bfbfbff,7,2,0,0-15,0,4,0,0,0,1,,,8
20170129-M-Australian_Open-F-Rafael_Nadal-Roger_Federer,82,0-15,15,1,0,,1,2,RN,5b18b1f1b1f1b2b2b2f3f#,,,5b18b1f1b1f1b2b2b2f3f#,,0,,5b18b1f1b1f1b2b2b2f3f#,,1,,1,0,5,,b18b1f1b1f1b2b2b2f3f#,FALSE,FALSE,FALSE,TRUE,FALSE,FALSE,b18b1f1b1f1b2b2b2f3f,b18b1f1b1f1b2b2b2f3f,bbfbfbbbff,10,2,0,0-30,0,4,0,0,0,1,,,10
20170129-M-Australian_Open-F-Rafael_Nadal-Roger_Federer,83,0-30,15,1,0,,1,2,RN,6b27f3b3f3b1n@,,,6b27f3b3f3b1n@,,0,,6b27f3b3f3b1n@,,1,,1,0,6,,b27f3b3f3b1n@,FALSE,FALSE,FALSE,FALSE,TRUE,FALSE,b27f3b3f3b1n,b27f3b3f3b1,bfbfb,5,1,1,15-30,0,4,0,0,0,1,,,5
20170129-M-Australian_Open-F-Rafael_Nadal-Roger_Federer,84,15-30,15,1,0,,1,2,RN,4b#,,,4b#,,0,,4b#,,1,,1,0,4,,b#,FALSE,FALSE,FALSE,TRUE,FALSE,FALSE,b,b,b,1,1,1,30-30,0,4,0,0,0,1,,,1
20170129-M-Australian_Open-F-Rafael_Nadal-Roger_Federer,85,30-30,15,1,0,,1,2,RN,6x,6b39f3f3*,,6x,6b39f3f3*,0,0,6x,6b39f3f3*,0,1,0,1,6x,6,b39f3f3*,FALSE,FALSE,TRUE,FALSE,FALSE,FALSE,b39f3f3,b39f3f3,bff,3,2,0,30-40,0,4,0,0,0,1,,,4
20170129-M-Australian_Open-F-Rafael_Nadal-Roger_Federer,86,30-40,15,1,0,,1,2,RN,6f29f2f1b3s3f1r1*,,,6f29f2f1b3s3f1r1*,,0,,6f29f2f1b3s3f1r1*,,1,,1,0,6,,f29f2f1b3s3f1r1*,FALSE,FALSE,TRUE,FALSE,FALSE,FALSE,f29f2f1b3s3f1r1,f29f2f1b3s3f1r1,fffbsfr,7,2,0,GM,2,4,1,0,0,1,,,8
20170129-M-Australian_Open-F-Rafael_Nadal-Roger_Federer,87,0-0,16,1,0,,2,1,RF,6w,6f27f-1b1w#,,6w,6f27f-1b1w#,0,0,6w,6f27f-1b1w#,0,1,0,1,6w,6,f27f-1b1w#,FALSE,FALSE,FALSE,TRUE,FALSE,FALSE,f27f1b1w,f27f1b1,ffb,3,2,1,15-0,0,4,1,0,0,1,,,3
20170129-M-Australian_Open-F-Rafael_Nadal-Roger_Federer,88,15-0,16,1,0,,2,1,RF,6w,4f39b2b1f2f3b3f3b3f3b2f3s3f1l3f3b3f1n@,RF CH 1st sv unsucc,6w,4f39b2b1f2f3b3f3b3f3b2f3s3f1l3f3b3f1n@,0,0,6w,4f39b2b1f2f3b3f3b3f3b2f3s3f1l3f3b3f1n@,0,1,0,1,6w,4,f39b2b1f2f3b3f3b3f3b2f3s3f1l3f3b3f1n@,FALSE,FALSE,FALSE,FALSE,TRUE,FALSE,f39b2b1f2f3b3f3b3f3b2f3s3f1l3f3b3f1n,f39b2b1f2f3b3f3b3f3b2f3s3f1l3f3b3f1,fbbffbfbfbfsflfbf,17,2,1,30-0,0,4,1,0,0,1,,,17
20170129-M-Australian_Open-F-Rafael_Nadal-Roger_Federer,89,30-0,16,1,0,,2,1,RF,4b29f2b1f1b3d@,,,4b29f2b1f1b3d@,,0,,4b29f2b1f1b3d@,,1,,1,0,4,,b29f2b1f1b3d@,FALSE,FALSE,FALSE,FALSE,TRUE,FALSE,b29f2b1f1b3d,b29f2b1f1b3,bfbfb,5,2,1,40-0,0,4,1,0,0,1,,,5
20170129-M-Australian_Open-F-Rafael_Nadal-Roger_Federer,90,40-0,16,1,0,,2,1,RF,6n,4f19*,,6n,4f19*,0,0,6n,4f19*,0,1,0,1,6n,4,f19*,FALSE,FALSE,TRUE,FALSE,FALSE,FALSE,f19,f19,f,1,1,0,40-15,0,4,1,0,0,1,,,2
20170129-M-Australian_Open-F-Rafael_Nadal-Roger_Federer,91,40-15,16,1,0,,2,1,RF,4w,6d,,4w,6d,0,0,4w,6d,0,0,0,0,4w,6d,,FALSE,FALSE,FALSE,FALSE,FALSE,TRUE,,,,0,1,0,40-30,0,4,1,0,0,1,,,0
20170129-M-Australian_Open-F-Rafael_Nadal-Roger_Federer,92,40-30,16,1,0,,2,1,RF,4f38b3f2f3*,,,4f38b3f2f3*,,0,,4f38b3f2f3*,,1,,1,0,4,,f38b3f2f3*,FALSE,FALSE,TRUE,FALSE,FALSE,FALSE,f38b3f2f3,f38b3f2f3,fbff,4,2,1,GM,2,4,2,0,0,1,,,5
20170129-M-Australian_Open-F-Rafael_Nadal-Roger_Federer,93,0-0,17,1,0,,1,2,RN,6b1w#,,,6b1w#,,0,,6b1w#,,1,,1,0,6,,b1w#,FALSE,FALSE,FALSE,TRUE,FALSE,FALSE,b1w,b1,b,1,1,1,15-0,0,4,2,0,0,1,,,1
20170129-M-Australian_Open-F-Rafael_Nadal-Roger_Federer,94,15-0,17,1,0,,1,2,RN,4b38f3b3f3b3n@,,,4b38f3b3f3b3n@,,0,,4b38f3b3f3b3n@,,1,,1,0,4,,b38f3b3f3b3n@,FALSE,FALSE,FALSE,FALSE,TRUE,FALSE,b38f3b3f3b3n,b38f3b3f3b3,bfbfb,5,1,1,30-0,0,4,2,0,0,1,,,5
20170129-M-Australian_Open-F-Rafael_Nadal-Roger_Federer,95,30-0,17,1,0,,1,2,RN,6b29f2b1b2b2b2f!@,,,6b29f2b1b2b2b2f!@,,0,,6b29f2b1b2b2b2f!@,,1,,1,0,6,,b29f2b1b2b2b2f!@,FALSE,FALSE,FALSE,FALSE,TRUE,FALSE,b29f2b1b2b2b2f!,b29f2b1b2b2b2f,bfbbbbf,7,1,1,40-0,0,4,2,0,0,1,,,7
20170129-M-Australian_Open-F-Rafael_Nadal-Roger_Federer,96,40-0,17,1,0,,1,2,RN,5b#,,,5b#,,0,,5b#,,1,,1,0,5,,b#,FALSE,FALSE,FALSE,TRUE,FALSE,FALSE,b,b,b,1,1,1,GM,1,5,2,0,0,1,,,1
20170129-M-Australian_Open-F-Rafael_Nadal-Roger_Federer,97,0-0,18,1,0,,2,1,RF,6f19r1n#,,,6f19r1n#,,0,,6f19r1n#,,1,,1,0,6,,f19r1n#,FALSE,FALSE,FALSE,TRUE,FALSE,FALSE,f19r1n,f19r1,fr,2,1,0,0-15,0,5,2,0,0,1,,,2
20170129-M-Australian_Open-F-Rafael_Nadal-Roger_Federer,98,0-15,18,1,0,,2,1,RF,6+b#,,,6+b#,,1,,6b#,,1,,1,0,6,,b#,FALSE,FALSE,FALSE,TRUE,FALSE,FALSE,b,b,b,1,2,1,15-15,0,5,2,0,0,1,,,1
20170129-M-Australian_Open-F-Rafael_Nadal-Roger_Federer,99,15-15,18,1,0,,2,1,RF,6d,4b#,,6d,4b#,0,0,6d,4b#,0,1,0,1,6d,4,b#,FALSE,FALSE,FALSE,TRUE,FALSE,FALSE,b,b,b,1,2,1,30-15,0,5,2,0,0,1,,,1
20170129-M-Australian_Open-F-Rafael_Nadal-Roger_Federer,100,30-15,18,1,0,,2,1,RF,4f37b-1*,,,4f37b-1*,,0,,4f37b-1*,,1,,1,0,4,,f37b-1*,FALSE,FALSE,TRUE,FALSE,FALSE,FALSE,f37b1,f37b1,fb,2,2,1,40-15,0,5,2,0,0,1,,,3
20170129-M-Australian_Open-F-Rafael_Nadal-Roger_Federer,101,40-15,18,1,0,,2,1,RF,6f37f3*,,,6f37f3*,,0,,6f37f3*,,1,,1,0,6,,f37f3*,FALSE,FALSE,TRUE,FALSE,FALSE,FALSE,f37f3,f37f3,ff,2,2,1,GM,2,5,3,0,0,1,,,3
20170129-M-Australian_Open-F-Rafael_Nadal-Roger_Federer,102,0-0,19,1,0,,1,2,RN,6b28f3b3n@,,,6b28f3b3n@,,0,,6b28f3b3n@,,1,,1,0,6,,b28f3b3n@,FALSE,FALSE,FALSE,FALSE,TRUE,FALSE,b28f3b3n,b28f3b3,bfb,3,1,1,15-0,0,5,3,0,0,1,,,3
20170129-M-Australian_Open-F-Rafael_Nadal-Roger_Federer,103,15-0,19,1,0,,1,2,RN,4b29f1*,,,4b29f1*,,0,,4b29f1*,,1,,1,0,4,,b29f1*,FALSE,FALSE,TRUE,FALSE,FALSE,FALSE,b29f1,b29f1,bf,2,1,1,30-0,0,5,3,0,0,1,,,3
20170129-M-Australian_Open-F-Rafael_Nadal-Roger_Federer,104,30-0,19,1,0,,1,2,RN,6b19f1f1b2b2n@,,,6b19f1f1b2b2n@,,0,,6b19f1f1b2b2n@,,1,,1,0,6,,b19f1f1b2b2n@,FALSE,FALSE,FALSE,FALSE,TRUE,FALSE,b19f1f1b2b2n,b19f1f1b2b2,bffbb,5,1,1,40-0,0,5,3,0,0,1,,,5
20170129-M-Australian_Open-F-Rafael_Nadal-Roger_Federer,105,40-0,19,1,0,,1,2,RN,4s39f2f1d@,,,4s39f2f1d@,,0,,4s39f2f1d@,,1,,1,0,4,,s39f2f1d@,FALSE,FALSE,FALSE,FALSE,TRUE,FALSE,s39f2f1d,s39f2f1,sff,3,1,1,GM,1,6,3,1,1,1,,,3
20170129-M-Australian_Open-F-Rafael_Nadal-Roger_Federer,106,0-0,20,1,0,,2,1,RF,4b#,,,4b#,,0,,4b#,,1,,1,0,4,,b#,FALSE,FALSE,FALSE,TRUE,FALSE,FALSE,b,b,b,1,2,1,15-0,0,0,0,0,1,1,,,1
20170129-M-Australian_Open-F-Rafael_Nadal-Roger_Federer,107,15-0,20,1,0,,2,1,RF,6m#,,,6m#,,0,,6m#,,1,,1,0,6,,m#,FALSE,FALSE,FALSE,TRUE,FALSE,FALSE,m,m,m,1,2,1,30-0,0,0,0,0,1,1,,,1
20170129-M-Australian_Open-F-Rafael_Nadal-Roger_Federer,108,30-0,20,1,0,,2,1,RF,6*,,,6*,,0,,6*,,1,,0,0,6*,,,TRUE,FALSE,FALSE,FALSE,FALSE,FALSE,,,,0,2,1,40-0,0,0,0,0,1,1,,,1
20170129-M-Australian_Open-F-Rafael_Nadal-Roger_Federer,109,40-0,20,1,0,,2,1,RF,4d,6f38b3f1*,,4d,6f38b3f1*,0,0,4d,6f38b3f1*,0,1,0,1,4d,6,f38b3f1*,FALSE,FALSE,TRUE,FALSE,FALSE,FALSE,f38b3f1,f38b3f1,fbf,3,1,0,40-15,0,0,0,0,1,1,,,4
20170129-M-Australian_Open-F-Rafael_Nadal-Roger_Federer,110,40-15,20,1,0,,2,1,RF,4w,4b29f1b3b3f3b2b1f1b1f2d@,,4w,4b29f1b3b3f3b2b1f1b1f2d@,0,0,4w,4b29f1b3b3f3b2b1f1b1f2d@,0,1,0,1,4w,4,b29f1b3b3f3b2b1f1b1f2d@,FALSE,FALSE,FALSE,FALSE,TRUE,FALSE,b29f1b3b3f3b2b1f1b1f2d,b29f1b3b3f3b2b1f1b1f2,bfbbfbbfbf,10,1,0,40-30,0,0,0,0,1,1,,,10
20170129-M-Australian_Open-F-Rafael_Nadal-Roger_Federer,111,40-30,20,1,0,,2,1,RF,4x,6+f27z1n#,,4x,6+f27z1n#,0,1,4x,6f27z1n#,0,1,0,1,4x,6,f27z1n#,FALSE,FALSE,FALSE,TRUE,FALSE,FALSE,f27z1n,f27z1,fz,2,1,0,40-40,0,0,0,0,1,1,,,2
20170129-M-Australian_Open-F-Rafael_Nadal-Roger_Federer,112,40-40,20,1,0,,2,1,RF,4b38f3n@,,,4b38f3n@,,0,,4b38f3n@,,1,,1,0,4,,b38f3n@,FALSE,FALSE,FALSE,FALSE,TRUE,FALSE,b38f3n,b38f3,bf,2,1,0,40-AD,0,0,0,0,1,1,,,2
20170129-M-Australian_Open-F-Rafael_Nadal-Roger_Federer,113,40-AD,20,1,0,,2,1,RF,4*,,,4*,,0,,4*,,1,,0,0,4*,,,TRUE,FALSE,FALSE,FALSE,FALSE,FALSE,,,,0,2,1,40-40,0,0,0,0,1,1,,,1
20170129-M-Australian_Open-F-Rafael_Nadal-Roger_Federer,114,40-40,20,1,0,,2,1,RF,4b28f3n@,,,4b28f3n@,,0,,4b28f3n@,,1,,1,0,4,,b28f3n@,FALSE,FALSE,FALSE,FALSE,TRUE,FALSE,b28f3n,b28f3,bf,2,1,0,40-AD,0,0,0,0,1,1,,,2
20170129-M-Australian_Open-F-Rafael_Nadal-Roger_Federer,115,40-AD,20,1,0,,2,1,RF,4*,,,4*,,0,,4*,,1,,0,0,4*,,,TRUE,FALSE,FALSE,FALSE,FALSE,FALSE,,,,0,2,1,40-40,0,0,0,0,1,1,,,1
20170129-M-Australian_Open-F-Rafael_Nadal-Roger_Federer,116,40-40,20,1,0,,2,1,RF,6f29f2f3b2f3b3f3b3f3bb3z1n#,,,6f29f2f3b2f3b3f3b3f3bb3z1n#,,0,,6f29f2f3b2f3b3f3b3f3bb3z1n#,,1,,1,0,6,,f29f2f3b2f3b3f3b3f3bb3z1n#,FALSE,FALSE,FALSE,TRUE,FALSE,FALSE,f29f2f3b2f3b3f3b3f3bb3z1n,f29f2f3b2f3b3f3b3f3bb3z1,fffbfbfbfbbz,12,1,0,40-AD,0,0,0,0,1,1,,,12
20170129-M-Australian_Open-F-Rafael_Nadal-Roger_Federer,117,40-AD,20,1,0,,2,1,RF,c4*,,,4*,,0,,4*,,1,,0,0,4*,,,TRUE,FALSE,FALSE,FALSE,FALSE,FALSE,,,,0,2,1,40-40,0,0,0,0,1,1,,,1
20170129-M-Australian_Open-F-Rafael_Nadal-Roger_Federer,118,40-40,20,1,0,,2,1,RF,6d,4b29f2f3b1b2d@,,6d,4b29f2f3b1b2d@,0,0,6d,4b29f2f3b1b2d@,0,1,0,1,6d,4,b29f2f3b1b2d@,FALSE,FALSE,FALSE,FALSE,TRUE,FALSE,b29f2f3b1b2d,b29f2f3b1b2,bffbb,5,2,1,AD-40,0,0,0,0,1,1,,,5
20170129-M-Australian_Open-F-Rafael_Nadal-Roger_Federer,119,AD-40,20,1,0,,2,1,RF,4x,4f39f1b1f2f3b2f3b3f3n#,,4x,4f39f1b1f2f3b2f3b3f3n#,0,0,4x,4f39f1b1f2f3b2f3b3f3n#,0,1,0,1,4x,4,f39f1b1f2f3b2f3b3f3n#,FALSE,FALSE,FALSE,TRUE,FALSE,FALSE,f39f1b1f2f3b2f3b3f3n,f39f1b1f2f3b2f3b3f3,ffbffbfbf,9,2,1,GM,2,0,1,0,1,1,,,9
20170129-M-Australian_Open-F-Rafael_Nadal-Roger_Federer,120,0-0,21,1,0,,1,2,RN,6b29f3b2b1f1*,,,6b29f3b2b1f1*,,0,,6b29f3b2b1f1*,,1,,1,0,6,,b29f3b2b1f1*,FALSE,FALSE,TRUE,FALSE,FALSE,FALSE,b29f3b2b1f1,b29f3b2b1f1,bfbbf,5,2,0,0-15,0,0,1,0,1,1,,,6
20170129-M-Australian_Open-F-Rafael_Nadal-Roger_Federer,121,0-15,21,1,0,,1,2,RN,4b39f1r1f3b3f2f1*,,,4b39f1r1f3b3f2f1*,,0,,4b39f1r1f3b3f2f1*,,1,,1,0,4,,b39f1r1f3b3f2f1*,FALSE,FALSE,TRUE,FALSE,FALSE,FALSE,b39f1r1f3b3f2f1,b39f1r1f3b3f2f1,bfrfbff,7,2,0,0-30,0,0,1,0,1,1,,,8
20170129-M-Australian_Open-F-Rafael_Nadal-Roger_Federer,122,0-30,21,1,0,,1,2,RN,6b38f1f2f3b2f3b3n@,,,6b38f1f2f3b2f3b3n@,,0,,6b38f1f2f3b2f3b3n@,,1,,1,0,6,,b38f1f2f3b2f3b3n@,FALSE,FALSE,FALSE,FALSE,TRUE,FALSE,b38f1f2f3b2f3b3n,b38f1f2f3b2f3b3,bfffbfb,7,1,1,15-30,0,0,1,0,1,1,,,7
20170129-M-Australian_Open-F-Rafael_Nadal-Roger_Federer,123,15-30,21,1,0,,1,2,RN,4b#,,,4b#,,0,,4b#,,1,,1,0,4,,b#,FALSE,FALSE,FALSE,TRUE,FALSE,FALSE,b,b,b,1,1,1,30-30,0,0,1,0,1,1,,,1
20170129-M-Australian_Open-F-Rafael_Nadal-Roger_Federer,124,30-30,21,1,0,,1,2,RN,6w,5b18b2f1b2f1b3b1s2f1b1f3*,,6w,5b18b2f1b2f1b3b1s2f1b1f3*,0,0,6w,5b18b2f1b2f1b3b1s2f1b1f3*,0,1,0,1,6w,5,b18b2f1b2f1b3b1s2f1b1f3*,FALSE,FALSE,TRUE,FALSE,FALSE,FALSE,b18b2f1b2f1b3b1s2f1b1f3,b18b2f1b2f1b3b1s2f1b1f3,bbfbfbbsfbf,11,2,0,30-40,0,0,1,0,1,1,,,12
20170129-M-Australian_Open-F-Rafael_Nadal-Roger_Federer,125,30-40,21,1,0,,1,2,RN,4w,5f29f1n@,,4w,5f29f1n@,0,0,4w,5f29f1n@,0,1,0,1,4w,5,f29f1n@,FALSE,FALSE,FALSE,FALSE,TRUE,FALSE,f29f1n,f29f1,ff,2,2,0,GM,2,0,2,0,1,1,,,2
20170129-M-Australian_Open-F-Rafael_Nadal-Roger_Federer,126,0-0,22,1,0,,2,1,RF,4b#,,,4b#,,0,,4b#,,1,,1,0,4,,b#,FALSE,FALSE,FALSE,TRUE,FALSE,FALSE,b,b,b,1,2,1,15-0,0,0,2,0,1,1,,,1
20170129-M-Australian_Open-F-Rafael_Nadal-Roger_Federer,127,15-0,22,1,0,,2,1,RF,6+b27v1*,,,6+b27v1*,,1,,6b27v1*,,1,,1,0,6,,b27v1*,FALSE,FALSE,TRUE,FALSE,FALSE,FALSE,b27v1,b27v1,bv,2,2,1,30-0,0,0,2,0,1,1,,,3
20170129-M-Australian_Open-F-Rafael_Nadal-Roger_Federer,128,30-0,22,1,0,,2,1,RF,4*,,,4*,,0,,4*,,1,,0,0,4*,,,TRUE,FALSE,FALSE,FALSE,FALSE,FALSE,,,,0,2,1,40-0,0,0,2,0,1,1,,,1
20170129-M-Australian_Open-F-Rafael_Nadal-Roger_Federer,129,40-0,22,1,0,,2,1,RF,4*,,,4*,,0,,4*,,1,,0,0,4*,,,TRUE,FALSE,FALSE,FALSE,FALSE,FALSE,,,,0,2,1,GM,2,0,3,0,1,1,,,1
20170129-M-Australian_Open-F-Rafael_Nadal-Roger_Federer,130,0-0,23,1,0,,1,2,RN,6n,6f17b1n@,,6n,6f17b1n@,0,0,6n,6f17b1n@,0,1,0,1,6n,6,f17b1n@,FALSE,FALSE,FALSE,FALSE,TRUE,FALSE,f17b1n,f17b1,fb,2,2,0,0-15,0,0,3,0,1,1,,,2
20170129-M-Australian_Open-F-Rafael_Nadal-Roger_Federer,131,0-15,23,1,0,,1,2,RN,4b2d#,,,4b2d#,,0,,4b2d#,,1,,1,0,4,,b2d#,FALSE,FALSE,FALSE,TRUE,FALSE,FALSE,b2d,b2,b,1,1,1,15-15,0,0,3,0,1,1,,,1
20170129-M-Australian_Open-F-Rafael_Nadal-Roger_Federer,132,15-15,23,1,0,,1,2,RN,4f18f2b1b3b3f3b3*,,,4f18f2b1b3b3f3b3*,,0,,4f18f2b1b3b3f3b3*,,1,,1,0,4,,f18f2b1b3b3f3b3*,FALSE,FALSE,TRUE,FALSE,FALSE,FALSE,f18f2b1b3b3f3b3,f18f2b1b3b3f3b3,ffbbbfb,7,2,0,15-30,0,0,3,0,1,1,,,8
20170129-M-Australian_Open-F-Rafael_Nadal-Roger_Federer,133,15-30,23,1,0,,1,2,RN,4d,5b28b1f1b3b2b1f1b2f3f3j3*,,4d,5b28b1f1b3b2b1f1b2f3f3j3*,0,0,4d,5b28b1f1b3b2b1f1b2f3f3j3*,0,1,0,1,4d,5,b28b1f1b3b2b1f1b2f3f3j3*,FALSE,FALSE,TRUE,FALSE,FALSE,FALSE,b28b1f1b3b2b1f1b2f3f3j3,b28b1f1b3b2b1f1b2f3f3j3,bbfbbbfbffj,11,2,0,15-40,0,0,3,0,1,1,,,12
20170129-M-Australian_Open-F-Rafael_Nadal-Roger_Federer,134,15-40,23,1,0,,1,2,RN,c6b17f1f2d#,,,6b17f1f2d#,,0,,6b17f1f2d#,,1,,1,0,6,,b17f1f2d#,FALSE,FALSE,FALSE,TRUE,FALSE,FALSE,b17f1f2d,b17f1f2,bff,3,1,1,30-40,0,0,3,0,1,1,,,3
20170129-M-Australian_Open-F-Rafael_Nadal-Roger_Federer,135,30-40,23,1,0,,1,2,RN,4b3x#,,,4b3x#,,0,,4b3x#,,1,,1,0,4,,b3x#,FALSE,FALSE,FALSE,TRUE,FALSE,FALSE,b3x,b3,b,1,1,1,40-40,0,0,3,0,1,1,,,1
20170129-M-Australian_Open-F-Rafael_Nadal-Roger_Federer,136,40-40,23,1,0,,1,2,RN,5f29f3b1b1f1*,,,5f29f3b1b1f1*,,0,,5f29f3b1b1f1*,,1,,1,0,5,,f29f3b1b1f1*,FALSE,FALSE,TRUE,FALSE,FALSE,FALSE,f29f3b1b1f1,f29f3b1b1f1,ffbbf,5,2,0,40-AD,0,0,3,0,1,1,,,6
20170129-M-Australian_Open-F-Rafael_Nadal-Roger_Federer,137,40-AD,23,1,0,,1,2,RN,6*,,,6*,,0,,6*,,1,,0,0,6*,,,TRUE,FALSE,FALSE,FALSE,FALSE,FALSE,,,,0,1,1,40-40,0,0,3,0,1,1,,,1
20170129-M-Australian_Open-F-Rafael_Nadal-Roger_Federer,138,40-40,23,1,0,,1,2,RN,6w,6b29f3b2d@,,6w,6b29f3b2d@,0,0,6w,6b29f3b2d@,0,1,0,1,6w,6,b29f3b2d@,FALSE,FALSE,FALSE,FALSE,TRUE,FALSE,b29f3b2d,b29f3b2,bfb,3,1,1,AD-40,0,0,3,0,1,1,,,3
20170129-M-Australian_Open-F-Rafael_Nadal-Roger_Federer,139,AD-40,23,1,0,,1,2,RN,4b29b1f3f3n#,,,4b29b1f3f3n#,,0,,4b29b1f3f3n#,,1,,1,0,4,,b29b1f3f3n#,FALSE,FALSE,FALSE,TRUE,FALSE,FALSE,b29b1f3f3n,b29b1f3f3,bbff,4,2,0,40-40,0,0,3,0,1,1,,,4
20170129-M-Australian_Open-F-Rafael_Nadal-Roger_Federer,140,40-40,23,1,0,,1,2,RN,4f1n#,,,4f1n#,,0,,4f1n#,,1,,1,0,4,,f1n#,FALSE,FALSE,FALSE,TRUE,FALSE,FALSE,f1n,f1,f,1,1,1,AD-40,0,0,3,0,1,1,,,1
20170129-M-Australian_Open-F-Rafael_Nadal-Roger_Federer,141,AD-40,23,1,0,,1,2,RN,4b38*,,,4b38*,,0,,4b38*,,1,,1,0,4,,b38*,FALSE,FALSE,TRUE,FALSE,FALSE,FALSE,b38,b38,b,1,2,0,40-40,0,0,3,0,1,1,,,2
20170129-M-Australian_Open-F-Rafael_Nadal-Roger_Federer,142,40-40,23,1,0,,1,2,RN,6n,4f29f1f1b2f1b1f2f3b2f3b2b1f1b1*,,6n,4f29f1f1b2f1b1f2f3b2f3b2b1f1b1*,0,0,6n,4f29f1f1b2f1b1f2f3b2f3b2b1f1b1*,0,1,0,1,6n,4,f29f1f1b2f1b1f2f3b2f3b2b1f1b1*,FALSE,FALSE,TRUE,FALSE,FALSE,FALSE,f29f1f1b2f1b1f2f3b2f3b2b1f1b1,f29f1f1b2f1b1f2f3b2f3b2b1f1b1,fffbfbffbfbbfb,14,1,1,AD-40,0,0,3,0,1,1,,,15
20170129-M-Australian_Open-F-Rafael_Nadal-Roger_Federer,143,AD-40,23,1,0,,1,2,RN,5b37f-1*,,,5b37f-1*,,0,,5b37f-1*,,1,,1,0,5,,b37f-1*,FALSE,FALSE,TRUE,FALSE,FALSE,FALSE,b37f1,b37f1,bf,2,1,1,GM,1,1,3,0,1,1,,,3
20170129-M-Australian_Open-F-Rafael_Nadal-Roger_Federer,144,0-0,24,1,0,,2,1,RF,6+f#,,,6+f#,,1,,6f#,,1,,1,0,6,,f#,FALSE,FALSE,FALSE,TRUE,FALSE,FALSE,f,f,f,1,2,1,15-0,0,1,3,0,1,1,,,1
20170129-M-Australian_Open-F-Rafael_Nadal-Roger_Federer,145,15-0,24,1,0,,2,1,RF,4f29f2f3b2f3w@,,,4f29f2f3b2f3w@,,0,,4f29f2f3b2f3w@,,1,,1,0,4,,f29f2f3b2f3w@,FALSE,FALSE,FALSE,FALSE,TRUE,FALSE,f29f2f3b2f3w,f29f2f3b2f3,fffbf,5,2,1,30-0,0,1,3,0,1,1,,,5
20170129-M-Australian_Open-F-Rafael_Nadal-Roger_Federer,146,30-0,24,1,0,,2,1,RF,6f#,,,6f#,,0,,6f#,,1,,1,0,6,,f#,FALSE,FALSE,FALSE,TRUE,FALSE,FALSE,f,f,f,1,2,1,40-0,0,1,3,0,1,1,,,1
20170129-M-Australian_Open-F-Rafael_Nadal-Roger_Federer,147,40-0,24,1,0,,2,1,RF,6b28f1b1f3f3s3f1f1*,,,6b28f1b1f3f3s3f1f1*,,0,,6b28f1b1f3f3s3f1f1*,,1,,1,0,6,,b28f1b1f3f3s3f1f1*,FALSE,FALSE,TRUE,FALSE,FALSE,FALSE,b28f1b1f3f3s3f1f1,b28f1b1f3f3s3f1f1,bfbffsff,8,2,1,GM,2,1,4,0,1,1,,,9
20170129-M-Australian_Open-F-Rafael_Nadal-Roger_Federer,148,0-0,25,1,0,,1,2,RN,6b28f2b2f2y1n@,,,6b28f2b2f2y1n@,,0,,6b28f2b2f2y1n@,,1,,1,0,6,,b28f2b2f2y1n@,FALSE,FALSE,FALSE,FALSE,TRUE,FALSE,b28f2b2f2y1n,b28f2b2f2y1,bfbfy,5,1,1,15-0,0,1,4,0,1,1,,,5
20170129-M-Australian_Open-F-Rafael_Nadal-Roger_Federer,149,15-0,25,1,0,,1,2,RN,4b28b1f3f3s2f1f2n#,,,4b28b1f3f3s2f1f2n#,,0,,4b28b1f3f3s2f1f2n#,,1,,1,0,4,,b28b1f3f3s2f1f2n#,FALSE,FALSE,FALSE,TRUE,FALSE,FALSE,b28b1f3f3s2f1f2n,b28b1f3f3s2f1f2,bbffsff,7,1,1,30-0,0,1,4,0,1,1,,,7
20170129-M-Australian_Open-F-Rafael_Nadal-Roger_Federer,150,30-0,25,1,0,,1,2,RN,6n,6b39f1n#,,6n,6b39f1n#,0,0,6n,6b39f1n#,0,1,0,1,6n,6,b39f1n#,FALSE,FALSE,FALSE,TRUE,FALSE,FALSE,b39f1n,b39f1,bf,2,2,0,30-15,0,1,4,0,1,1,,,2
20170129-M-Australian_Open-F-Rafael_Nadal-Roger_Federer,151,30-15,25,1,0,,1,2,RN,c5f19b1f1b3d#,,,5f19b1f1b3d#,,0,,5f19b1f1b3d#,,1,,1,0,5,,f19b1f1b3d#,FALSE,FALSE,FALSE,TRUE,FALSE,FALSE,f19b1f1b3d,f19b1f1b3,fbfb,4,2,0,30-30,0,1,4,0,1,1,,,4
20170129-M-Australian_Open-F-Rafael_Nadal-Roger_Federer,152,30-30,25,1,0,,1,2,RN,6b37f1f2f3b3f3w#,,,6b37f1f2f3b3f3w#,,0,,6b37f1f2f3b3f3w#,,1,,1,0,6,,b37f1f2f3b3f3w#,FALSE,FALSE,FALSE,TRUE,FALSE,FALSE,b37f1f2f3b3f3w,b37f1f2f3b3f3,bfffbf,6,2,0,30-40,0,1,4,0,1,1,,,6
20170129-M-Australian_Open-F-Rafael_Nadal-Roger_Federer,153,30-40,25,1,0,,1,2,RN,4b39f#,,,4b39f#,,0,,4b39f#,,1,,1,0,4,,b39f#,FALSE,FALSE,FALSE,TRUE,FALSE,FALSE,b39f,b39f,bf,2,2,0,GM,2,1,5,0,1,1,,,2
20170129-M-Australian_Open-F-Rafael_Nadal-Roger_Federer,154,0-0,26,1,0,,2,1,RF,4b19f2f2f1b2b1n@,,,4b19f2f2f1b2b1n@,,0,,4b19f2f2f1b2b1n@,,1,,1,0,4,,b19f2f2f1b2b1n@,FALSE,FALSE,FALSE,FALSE,TRUE,FALSE,b19f2f2f1b2b1n,b19f2f2f1b2b1,bfffbb,6,1,0,0-15,0,1,5,0,1,1,,,6
20170129-M-Australian_Open-F-Rafael_Nadal-Roger_Federer,155,0-15,26,1,0,,2,1,RF,6b39f3f3b2b3b2f3w@,,RF CH mid-rally succ,6b39f3f3b2b3b2f3w@,,0,,6b39f3f3b2b3b2f3w@,,1,,1,0,6,,b39f3f3b2b3b2f3w@,FALSE,FALSE,FALSE,FALSE,TRUE,FALSE,b39f3f3b2b3b2f3w,b39f3f3b2b3b2f3,bffbbbf,7,2,1,15-15,0,1,5,0,1,1,,,7
20170129-M-Australian_Open-F-Rafael_Nadal-Roger_Federer,156,15-15,26,1,0,,2,1,RF,4n,4+b#,,4n,4+b#,0,1,4n,4b#,0,1,0,1,4n,4,b#,FALSE,FALSE,FALSE,TRUE,FALSE,FALSE,b,b,b,1,2,1,30-15,0,1,5,0,1,1,,,1
20170129-M-Australian_Open-F-Rafael_Nadal-Roger_Federer,157,30-15,26,1,0,,2,1,RF,6n,6f29f1b1f3n@,,6n,6f29f1b1f3n@,0,0,6n,6f29f1b1f3n@,0,1,0,1,6n,6,f29f1b1f3n@,FALSE,FALSE,FALSE,FALSE,TRUE,FALSE,f29f1b1f3n,f29f1b1f3,ffbf,4,1,0,30-30,0,1,5,0,1,1,,,4
20170129-M-Australian_Open-F-Rafael_Nadal-Roger_Federer,158,30-30,26,1,0,,2,1,RF,6d,4d,,6d,4d,0,0,6d,4d,0,0,0,0,6d,4d,,FALSE,FALSE,FALSE,FALSE,FALSE,TRUE,,,,0,1,0,30-40,0,1,5,0,1,1,,,0
20170129-M-Australian_Open-F-Rafael_Nadal-Roger_Federer,159,30-40,26,1,0,,2,1,RF,6n,6f29f2f2f1b2f3*,,6n,6f29f2f2f1b2f3*,0,0,6n,6f29f2f2f1b2f3*,0,1,0,1,6n,6,f29f2f2f1b2f3*,FALSE,FALSE,TRUE,FALSE,FALSE,FALSE,f29f2f2f1b2f3,f29f2f2f1b2f3,ffffbf,6,2,1,40-40,0,1,5,0,1,1,,,7
20170129-M-Australian_Open-F-Rafael_Nadal-Roger_Federer,160,40-40,26,1,0,,2,1,RF,4b#,,,4b#,,0,,4b#,,1,,1,0,4,,b#,FALSE,FALSE,FALSE,TRUE,FALSE,FALSE,b,b,b,1,2,1,AD-40,0,1,5,0,1,1,,,1
20170129-M-Australian_Open-F-Rafael_Nadal-Roger_Federer,161,AD-40,26,1,0,,2,1,RF,6w,4f39y2n#,,6w,4f39y2n#,0,0,6w,4f39y2n#,0,1,0,1,6w,4,f39y2n#,FALSE,FALSE,FALSE,TRUE,FALSE,FALSE,f39y2n,f39y2,fy,2,1,0,40-40,0,1,5,0,1,1,,,2
20170129-M-Australian_Open-F-Rafael_Nadal-Roger_Federer,162,40-40,26,1,0,,2,1,RF,6n,4b18f1d@,,6n,4b18f1d@,0,0,6n,4b18f1d@,0,1,0,1,6n,4,b18f1d@,FALSE,FALSE,FALSE,FALSE,TRUE,FALSE,b18f1d,b18f1,bf,2,1,0,40-AD,0,1,5,0,1,1,,,2
20170129-M-Australian_Open-F-Rafael_Nadal-Roger_Federer,163,40-AD,26,1,0,,2,1,RF,6+b#,,,6+b#,,1,,6b#,,1,,1,0,6,,b#,FALSE,FALSE,FALSE,TRUE,FALSE,FALSE,b,b,b,1,2,1,40-40,0,1,5,0,1,1,,,1
20170129-M-Australian_Open-F-Rafael_Nadal-Roger_Federer,164,40-40,26,1,0,,2,1,RF,6f#,,,6f#,,0,,6f#,,1,,1,0,6,,f#,FALSE,FALSE,FALSE,TRUE,FALSE,FALSE,f,f,f,1,2,1,AD-40,0,1,5,0,1,1,,,1
20170129-M-Australian_Open-F-Rafael_Nadal-Roger_Federer,165,AD-40,26,1,0,,2,1,RF,4n,6f29f1b3b3f3b1+s2z1*,,4n,6f29f1b3b3f3b1+s2z1*,0,0,4n,6f29f1b3b3f3b1+s2z1*,0,1,0,1,4n,6,f29f1b3b3f3b1+s2z1*,FALSE,FALSE,TRUE,FALSE,FALSE,FALSE,f29f1b3b3f3b1s2z1,f29f1b3b3f3b1s2z1,ffbbfbsz,8,2,1,GM,2,1,6,2,1,2,,,9
20170129-M-Australian_Open-F-Rafael_Nadal-Roger_Federer,166,0-0,27,1,0,,1,2,RN,5f#,,,5f#,,0,,5f#,,1,,1,0,5,,f#,FALSE,FALSE,FALSE,TRUE,FALSE,FALSE,f,f,f,1,1,1,15-0,0,0,0,0,1,2,,,1
20170129-M-Australian_Open-F-Rafael_Nadal-Roger_Federer,167,15-0,27,1,0,,1,2,RN,4b19*,,,4b19*,,0,,4b19*,,1,,1,0,4,,b19*,FALSE,FALSE,TRUE,FALSE,FALSE,FALSE,b19,b19,b,1,2,0,15-15,0,0,0,0,1,2,,,2
20170129-M-Australian_Open-F-Rafael_Nadal-Roger_Federer,168,15-15,27,1,0,,1,2,RN,6n,6f18b2b1b1f3n@,,6n,6f18b2b1b1f3n@,0,0,6n,6f18b2b1b1f3n@,0,1,0,1,6n,6,f18b2b1b1f3n@,FALSE,FALSE,FALSE,FALSE,TRUE,FALSE,f18b2b1b1f3n,f18b2b1b1f3,fbbbf,5,1,1,30-15,0,0,0,0,1,2,,,5
20170129-M-Australian_Open-F-Rafael_Nadal-Roger_Federer,169,30-15,27,1,0,,1,2,RN,5d,4f29b1f3f3b+3f2n#,,5d,4f29b1f3f3b+3f2n#,0,0,5d,4f29b1f3f3b+3f2n#,0,1,0,1,5d,4,f29b1f3f3b+3f2n#,FALSE,FALSE,FALSE,TRUE,FALSE,FALSE,f29b1f3f3b3f2n,f29b1f3f3b3f2,fbffbf,6,2,0,30-30,0,0,0,0,1,2,,,6
20170129-M-Australian_Open-F-Rafael_Nadal-Roger_Federer,170,30-30,27,1,0,,1,2,RN,4n,c5b38f3s3n#,,4n,5b38f3s3n#,0,0,4n,5b38f3s3n#,0,1,0,1,4n,5,b38f3s3n#,FALSE,FALSE,FALSE,TRUE,FALSE,FALSE,b38f3s3n,b38f3s3,bfs,3,1,1,40-30,0,0,0,0,1,2,,,3
20170129-M-Australian_Open-F-Rafael_Nadal-Roger_Federer,171,40-30,27,1,0,,1,2,RN,4b29f1f1b1f1b2b2b2f2d@,,,4b29f1f1b1f1b2b2b2f2d@,,0,,4b29f1f1b1f1b2b2b2f2d@,,1,,1,0,4,,b29f1f1b1f1b2b2b2f2d@,FALSE,FALSE,FALSE,FALSE,TRUE,FALSE,b29f1f1b1f1b2b2b2f2d,b29f1f1b1f1b2b2b2f2,bffbfbbbf,9,1,1,GM,1,1,0,0,1,2,,,9
20170129-M-Australian_Open-F-Rafael_Nadal-Roger_Federer,172,0-0,28,1,0,,2,1,RF,4+m28o3l2d#,,,4+m28o3l2d#,,1,,4m28o3l2d#,,1,,1,0,4,,m28o3l2d#,FALSE,FALSE,FALSE,TRUE,FALSE,FALSE,m28o3l2d,m28o3l2,mol,3,2,1,15-0,0,1,0,0,1,2,,,3
20170129-M-Australian_Open-F-Rafael_Nadal-Roger_Federer,173,15-0,28,1,0,,2,1,RF,4d,6f#,,4d,6f#,0,0,4d,6f#,0,1,0,1,4d,6,f#,FALSE,FALSE,FALSE,TRUE,FALSE,FALSE,f,f,f,1,2,1,30-0,0,1,0,0,1,2,,,1
20170129-M-Australian_Open-F-Rafael_Nadal-Roger_Federer,174,30-0,28,1,0,,2,1,RF,6f28f1+s1v3*,,,6f28f1+s1v3*,,0,,6f28f1+s1v3*,,1,,1,0,6,,f28f1+s1v3*,FALSE,FALSE,TRUE,FALSE,FALSE,FALSE,f28f1s1v3,f28f1s1v3,ffsv,4,2,1,40-0,0,1,0,0,1,2,,,5
20170129-M-Australian_Open-F-Rafael_Nadal-Roger_Federer,175,40-0,28,1,0,,2,1,RF,6s39u3u1r1w#,,,6s39u3u1r1w#,,0,,6s39u3u1r1w#,,1,,1,0,6,,s39u3u1r1w#,FALSE,FALSE,FALSE,TRUE,FALSE,FALSE,s39u3u1r1w,s39u3u1r1,suur,4,1,0,40-15,0,1,0,0,1,2,,,4
20170129-M-Australian_Open-F-Rafael_Nadal-Roger_Federer,176,40-15,28,1,0,,2,1,RF,4d,6f28f1s2f3f1f1s3b3f3b2*,,4d,6f28f1s2f3f1f1s3b3f3b2*,0,0,4d,6f28f1s2f3f1f1s3b3f3b2*,0,1,0,1,4d,6,f28f1s2f3f1f1s3b3f3b2*,FALSE,FALSE,TRUE,FALSE,FALSE,FALSE,f28f1s2f3f1f1s3b3f3b2,f28f1s2f3f1f1s3b3f3b2,ffsfffsbfb,10,2,1,GM,2,1,1,0,1,2,,,11
20170129-M-Australian_Open-F-Rafael_Nadal-Roger_Federer,177,0-0,29,1,0,,1,2,RN,5f27f3b3f2f2b2f1b3b2b1f3w@,,,5f27f3b3f2f2b2f1b3b2b1f3w@,,0,,5f27f3b3f2f2b2f1b3b2b1f3w@,,1,,1,0,5,,f27f3b3f2f2b2f1b3b2b1f3w@,FALSE,FALSE,FALSE,FALSE,TRUE,FALSE,f27f3b3f2f2b2f1b3b2b1f3w,f27f3b3f2f2b2f1b3b2b1f3,ffbffbfbbbf,11,1,1,15-0,0,1,1,0,1,2,,,11
20170129-M-Australian_Open-F-Rafael_Nadal-Roger_Federer,178,15-0,29,1,0,,1,2,RN,5n,5s28f3s2f-1*,,5n,5s28f3s2f-1*,0,0,5n,5s28f3s2f-1*,0,1,0,1,5n,5,s28f3s2f-1*,FALSE,FALSE,TRUE,FALSE,FALSE,FALSE,s28f3s2f1,s28f3s2f1,sfsf,4,1,1,30-0,0,1,1,0,1,2,,,5
20170129-M-Australian_Open-F-Rafael_Nadal-Roger_Federer,179,30-0,29,1,0,,1,2,RN,5b29f2b2f2d@,,,5b29f2b2f2d@,,0,,5b29f2b2f2d@,,1,,1,0,5,,b29f2b2f2d@,FALSE,FALSE,FALSE,FALSE,TRUE,FALSE,b29f2b2f2d,b29f2b2f2,bfbf,4,2,0,30-15,0,1,1,0,1,2,,,4
20170129-M-Australian_Open-F-Rafael_Nadal-Roger_Federer,180,30-15,29,1,0,,1,2,RN,4b#,,,4b#,,0,,4b#,,1,,1,0,4,,b#,FALSE,FALSE,FALSE,TRUE,FALSE,FALSE,b,b,b,1,1,1,40-15,0,1,1,0,1,2,,,1
20170129-M-Australian_Open-F-Rafael_Nadal-Roger_Federer,181,40-15,29,1,0,,1,2,RN,4f#,,,4f#,,0,,4f#,,1,,1,0,4,,f#,FALSE,FALSE,FALSE,TRUE,FALSE,FALSE,f,f,f,1,1,1,GM,1,2,1,0,1,2,,,1
20170129-M-Australian_Open-F-Rafael_Nadal-Roger_Federer,182,0-0,30,1,0,,2,1,RF,4b27f+3w@,,,4b27f+3w@,,0,,4b27f+3w@,,1,,1,0,4,,b27f+3w@,FALSE,FALSE,FALSE,FALSE,TRUE,FALSE,b27f3w,b27f3,bf,2,1,0,0-15,0,2,1,0,1,2,,,2
20170129-M-Australian_Open-F-Rafael_Nadal-Roger_Federer,183,0-15,30,1,0,,2,1,RF,4w,6f29f!@,,4w,6f29f!@,0,0,4w,6f29f!@,0,1,0,1,4w,6,f29f!@,FALSE,FALSE,FALSE,FALSE,TRUE,FALSE,f29f!,f29f,ff,2,1,0,0-30,0,2,1,0,1,2,,,2
20170129-M-Australian_Open-F-Rafael_Nadal-Roger_Federer,184,0-30,30,1,0,,2,1,RF,4w,5b27f3f1r1f3*,,4w,5b27f3f1r1f3*,0,0,4w,5b27f3f1r1f3*,0,1,0,1,4w,5,b27f3f1r1f3*,FALSE,FALSE,TRUE,FALSE,FALSE,FALSE,b27f3f1r1f3,b27f3f1r1f3,bffrf,5,1,0,0-40,0,2,1,0,1,2,,,6
20170129-M-Australian_Open-F-Rafael_Nadal-Roger_Federer,185,0-40,30,1,0,,2,1,RF,6b#,,,6b#,,0,,6b#,,1,,1,0,6,,b#,FALSE,FALSE,FALSE,TRUE,FALSE,FALSE,b,b,b,1,2,1,15-40,0,2,1,0,1,2,,,1
20170129-M-Australian_Open-F-Rafael_Nadal-Roger_Federer,186,15-40,30,1,0,,2,1,RF,4b17f1+b3z3n#,,,4b17f1+b3z3n#,,0,,4b17f1+b3z3n#,,1,,1,0,4,,b17f1+b3z3n#,FALSE,FALSE,FALSE,TRUE,FALSE,FALSE,b17f1b3z3n,b17f1b3z3,bfbz,4,1,0,GM,1,3,1,0,1,2,,,4
20170129-M-Australian_Open-F-Rafael_Nadal-Roger_Federer,187,0-0,31,1,0,,1,2,RN,5b18b2b2f3w@,,,5b18b2b2f3w@,,0,,5b18b2b2f3w@,,1,,1,0,5,,b18b2b2f3w@,FALSE,FALSE,FALSE,FALSE,TRUE,FALSE,b18b2b2f3w,b18b2b2f3,bbbf,4,2,0,0-15,0,3,1,0,1,2,,,4
20170129-M-Australian_Open-F-Rafael_Nadal-Roger_Federer,188,0-15,31,1,0,,1,2,RN,5d,4b28b1f1b2b3f3f1w@,,5d,4b28b1f1b2b3f3f1w@,0,0,5d,4b28b1f1b2b3f3f1w@,0,1,0,1,5d,4,b28b1f1b2b3f3f1w@,FALSE,FALSE,FALSE,FALSE,TRUE,FALSE,b28b1f1b2b3f3f1w,b28b1f1b2b3f3f1,bbfbbff,7,1,1,15-15,0,3,1,0,1,2,,,7
20170129-M-Australian_Open-F-Rafael_Nadal-Roger_Federer,189,15-15,31,1,0,,1,2,RN,4w,6f18b1f1w@,,4w,6f18b1f1w@,0,0,4w,6f18b1f1w@,0,1,0,1,4w,6,f18b1f1w@,FALSE,FALSE,FALSE,FALSE,TRUE,FALSE,f18b1f1w,f18b1f1,fbf,3,1,1,30-15,0,3,1,0,1,2,,,3
20170129-M-Australian_Open-F-Rafael_Nadal-Roger_Federer,190,30-15,31,1,0,,1,2,RN,4b38f3s1f2b3w@,,,4b38f3s1f2b3w@,,0,,4b38f3s1f2b3w@,,1,,1,0,4,,b38f3s1f2b3w@,FALSE,FALSE,FALSE,FALSE,TRUE,FALSE,b38f3s1f2b3w,b38f3s1f2b3,bfsfb,5,1,1,40-15,0,3,1,0,1,2,,,5
20170129-M-Australian_Open-F-Rafael_Nadal-Roger_Federer,191,40-15,31,1,0,,1,2,RN,5b17b1f1b1f3f1f1*,,,5b17b1f1b1f3f1f1*,,0,,5b17b1f1b1f3f1f1*,,1,,1,0,5,,b17b1f1b1f3f1f1*,FALSE,FALSE,TRUE,FALSE,FALSE,FALSE,b17b1f1b1f3f1f1,b17b1f1b1f3f1f1,bbfbfff,7,2,0,40-30,0,3,1,0,1,2,,,8
20170129-M-Australian_Open-F-Rafael_Nadal-Roger_Federer,192,40-30,31,1,0,,1,2,RN,4w,6f29b2f+3f3n#,,4w,6f29b2f+3f3n#,0,0,4w,6f29b2f+3f3n#,0,1,0,1,4w,6,f29b2f+3f3n#,FALSE,FALSE,FALSE,TRUE,FALSE,FALSE,f29b2f3f3n,f29b2f3f3,fbff,4,2,0,40-40,0,3,1,0,1,2,,,4
20170129-M-Australian_Open-F-Rafael_Nadal-Roger_Federer,193,40-40,31,1,0,,1,2,RN,c5f29f3b3w@,,RF CH error unsucc,5f29f3b3w@,,0,,5f29f3b3w@,,1,,1,0,5,,f29f3b3w@,FALSE,FALSE,FALSE,FALSE,TRUE,FALSE,f29f3b3w,f29f3b3,ffb,3,1,1,AD-40,0,3,1,0,1,2,,,3
20170129-M-Australian_Open-F-Rafael_Nadal-Roger_Federer,194,AD-40,31,1,0,,1,2,RN,5b19b2f+3*,,,5b19b2f+3*,,0,,5b19b2f+3*,,1,,1,0,5,,b19b2f+3*,FALSE,FALSE,TRUE,FALSE,FALSE,FALSE,b19b2f3,b19b2f3,bbf,3,2,0,40-40,0,3,1,0,1,2,,,4
20170129-M-Australian_Open-F-Rafael_Nadal-Roger_Federer,195,40-40,31,1,0,,1,2,RN,4n,4f29f2b2b2b2f3b2b1f2d@,,4n,4f29f2b2b2b2f3b2b1f2d@,0,0,4n,4f29f2b2b2b2f3b2b1f2d@,0,1,0,1,4n,4,f29f2b2b2b2f3b2b1f2d@,FALSE,FALSE,FALSE,FALSE,TRUE,FALSE,f29f2b2b2b2f3b2b1f2d,f29f2b2b2b2f3b2b1f2,ffbbbfbbf,9,1,1,AD-40,0,3,1,0,1,2,,,9
20170129-M-Australian_Open-F-Rafael_Nadal-Roger_Federer,196,AD-40,31,1,0,,1,2,RN,5b18b1f1f3s3f1r1b3b3r3*,,,5b18b1f1f3s3f1r1b3b3r3*,,0,,5b18b1f1f3s3f1r1b3b3r3*,,1,,1,0,5,,b18b1f1f3s3f1r1b3b3r3*,FALSE,FALSE,TRUE,FALSE,FALSE,FALSE,b18b1f1f3s3f1r1b3b3r3,b18b1f1f3s3f1r1b3b3r3,bbffsfrbbr,10,1,1,GM,1,4,1,0,1,2,,,11
20170129-M-Australian_Open-F-Rafael_Nadal-Roger_Federer,197,0-0,32,1,0,,2,1,RF,6*,,,6*,,0,,6*,,1,,0,0,6*,,,TRUE,FALSE,FALSE,FALSE,FALSE,FALSE,,,,0,2,1,15-0,0,4,1,0,1,2,,,1
20170129-M-Australian_Open-F-Rafael_Nadal-Roger_Federer,198,15-0,32,1,0,,2,1,RF,4*,,,4*,,0,,4*,,1,,0,0,4*,,,TRUE,FALSE,FALSE,FALSE,FALSE,FALSE,,,,0,2,1,30-0,0,4,1,0,1,2,,,1
20170129-M-Australian_Open-F-Rafael_Nadal-Roger_Federer,199,30-0,32,1,0,,2,1,RF,4x,5b29f1b2b2f1*,,4x,5b29f1b2b2f1*,0,0,4x,5b29f1b2b2f1*,0,1,0,1,4x,5,b29f1b2b2f1*,FALSE,FALSE,TRUE,FALSE,FALSE,FALSE,b29f1b2b2f1,b29f1b2b2f1,bfbbf,5,1,0,30-15,0,4,1,0,1,2,,,6
20170129-M-Australian_Open-F-Rafael_Nadal-Roger_Federer,200,30-15,32,1,0,,2,1,RF,4n,4f17f1s2f1s1o3d@,,4n,4f17f1s2f1s1o3d@,0,0,4n,4f17f1s2f1s1o3d@,0,1,0,1,4n,4,f17f1s2f1s1o3d@,FALSE,FALSE,FALSE,FALSE,TRUE,FALSE,f17f1s2f1s1o3d,f17f1s2f1s1o3,ffsfso,6,1,0,30-30,0,4,1,0,1,2,,,6
20170129-M-Australian_Open-F-Rafael_Nadal-Roger_Federer,201,30-30,32,1,0,,2,1,RF,4n,c4b18f1b1f3n@,,4n,4b18f1b1f3n@,0,0,4n,4b18f1b1f3n@,0,1,0,1,4n,4,b18f1b1f3n@,FALSE,FALSE,FALSE,FALSE,TRUE,FALSE,b18f1b1f3n,b18f1b1f3,bfbf,4,1,0,30-40,0,4,1,0,1,2,,,4
20170129-M-Australian_Open-F-Rafael_Nadal-Roger_Federer,202,30-40,32,1,0,,2,1,RF,6*,,,6*,,0,,6*,,1,,0,0,6*,,,TRUE,FALSE,FALSE,FALSE,FALSE,FALSE,,,,0,2,1,40-40,0,4,1,0,1,2,,,1
20170129-M-Australian_Open-F-Rafael_Nadal-Roger_Federer,203,40-40,32,1,0,,2,1,RF,6d,4+b27z3f1x#,,6d,4+b27z3f1x#,0,1,6d,4b27z3f1x#,0,1,0,1,6d,4,b27z3f1x#,FALSE,FALSE,FALSE,TRUE,FALSE,FALSE,b27z3f1x,b27z3f1,bzf,3,2,1,AD-40,0,4,1,0,1,2,,,3
20170129-M-Australian_Open-F-Rafael_Nadal-Roger_Federer,204,AD-40,32,1,0,,2,1,RF,6*,,,6*,,0,,6*,,1,,0,0,6*,,,TRUE,FALSE,FALSE,FALSE,FALSE,FALSE,,,,0,2,1,GM,2,4,2,0,1,2,,,1
20170129-M-Australian_Open-F-Rafael_Nadal-Roger_Federer,205,0-0,33,1,0,,1,2,RN,5f#,,,5f#,,0,,5f#,,1,,1,0,5,,f#,FALSE,FALSE,FALSE,TRUE,FALSE,FALSE,f,f,f,1,1,1,15-0,0,4,2,0,1,2,,,1
20170129-M-Australian_Open-F-Rafael_Nadal-Roger_Federer,206,15-0,33,1,0,,1,2,RN,c4f29f1f1n#,,,4f29f1f1n#,,0,,4f29f1f1n#,,1,,1,0,4,,f29f1f1n#,FALSE,FALSE,FALSE,TRUE,FALSE,FALSE,f29f1f1n,f29f1f1,fff,3,1,1,30-0,0,4,2,0,1,2,,,3
20170129-M-Australian_Open-F-Rafael_Nadal-Roger_Federer,207,30-0,33,1,0,,1,2,RN,6b2n#,,,6b2n#,,0,,6b2n#,,1,,1,0,6,,b2n#,FALSE,FALSE,FALSE,TRUE,FALSE,FALSE,b2n,b2,b,1,1,1,40-0,0,4,2,0,1,2,,,1
20170129-M-Australian_Open-F-Rafael_Nadal-Roger_Federer,208,40-0,33,1,0,,1,2,RN,6*,,,6*,,0,,6*,,1,,0,0,6*,,,TRUE,FALSE,FALSE,FALSE,FALSE,FALSE,,,,0,1,1,GM,1,5,2,0,1,2,,,1
20170129-M-Australian_Open-F-Rafael_Nadal-Roger_Federer,209,0-0,34,1,0,,2,1,RF,4b#,,,4b#,,0,,4b#,,1,,1,0,4,,b#,FALSE,FALSE,FALSE,TRUE,FALSE,FALSE,b,b,b,1,2,1,15-0,0,5,2,0,1,2,,,1
20170129-M-Australian_Open-F-Rafael_Nadal-Roger_Federer,210,15-0,34,1,0,,2,1,RF,6b29f2b2f3f3f3*,,,6b29f2b2f3f3f3*,,0,,6b29f2b2f3f3f3*,,1,,1,0,6,,b29f2b2f3f3f3*,FALSE,FALSE,TRUE,FALSE,FALSE,FALSE,b29f2b2f3f3f3,b29f2b2f3f3f3,bfbfff,6,2,1,30-0,0,5,2,0,1,2,,,7
20170129-M-Australian_Open-F-Rafael_Nadal-Roger_Federer,211,30-0,34,1,0,,2,1,RF,4b17*,,,4b17*,,0,,4b17*,,1,,1,0,4,,b17*,FALSE,FALSE,TRUE,FALSE,FALSE,FALSE,b17,b17,b,1,1,0,30-15,0,5,2,0,1,2,,,2
20170129-M-Australian_Open-F-Rafael_Nadal-Roger_Federer,212,30-15,34,1,0,,2,1,RF,6b28f3x@,,,6b28f3x@,,0,,6b28f3x@,,1,,1,0,6,,b28f3x@,FALSE,FALSE,FALSE,FALSE,TRUE,FALSE,b28f3x,b28f3,bf,2,1,0,30-30,0,5,2,0,1,2,,,2
20170129-M-Australian_Open-F-Rafael_Nadal-Roger_Federer,213,30-30,34,1,0,,2,1,RF,4*,,,4*,,0,,4*,,1,,0,0,4*,,,TRUE,FALSE,FALSE,FALSE,FALSE,FALSE,,,,0,2,1,40-30,0,5,2,0,1,2,,,1
20170129-M-Australian_Open-F-Rafael_Nadal-Roger_Federer,214,40-30,34,1,0,,2,1,RF,4x,6b17f3f3b3w@,,4x,6b17f3f3b3w@,0,0,4x,6b17f3f3b3w@,0,1,0,1,4x,6,b17f3f3b3w@,FALSE,FALSE,FALSE,FALSE,TRUE,FALSE,b17f3f3b3w,b17f3f3b3,bffb,4,1,0,40-40,0,5,2,0,1,2,,,4
20170129-M-Australian_Open-F-Rafael_Nadal-Roger_Federer,215,40-40,34,1,0,,2,1,RF,4+s#,,,4+s#,,1,,4s#,,1,,1,0,4,,s#,FALSE,FALSE,FALSE,TRUE,FALSE,FALSE,s,s,s,1,2,1,AD-40,0,5,2,0,1,2,,,1
20170129-M-Australian_Open-F-Rafael_Nadal-Roger_Federer,216,AD-40,34,1,0,,2,1,RF,4f3w#,,,4f3w#,,0,,4f3w#,,1,,1,0,4,,f3w#,FALSE,FALSE,FALSE,TRUE,FALSE,FALSE,f3w,f3,f,1,2,1,GM,2,5,3,0,1,2,,,1
20170129-M-Australian_Open-F-Rafael_Nadal-Roger_Federer,217,0-0,35,1,0,,1,2,RN,5f#,,,5f#,,0,,5f#,,1,,1,0,5,,f#,FALSE,FALSE,FALSE,TRUE,FALSE,FALSE,f,f,f,1,1,1,15-0,0,5,3,0,1,2,,,1
20170129-M-Australian_Open-F-Rafael_Nadal-Roger_Federer,218,15-0,35,1,0,,1,2,RN,4f2d#,,,4f2d#,,0,,4f2d#,,1,,1,0,4,,f2d#,FALSE,FALSE,FALSE,TRUE,FALSE,FALSE,f2d,f2,f,1,1,1,30-0,0,5,3,0,1,2,,,1
20170129-M-Australian_Open-F-Rafael_Nadal-Roger_Federer,219,30-0,35,1,0,,1,2,RN,6#,,,6#,,0,,6#,,1,,0,0,6#,,,FALSE,TRUE,FALSE,FALSE,FALSE,FALSE,,,,0,1,1,40-0,0,5,3,0,1,2,,,1
20170129-M-Australian_Open-F-Rafael_Nadal-Roger_Federer,220,40-0,35,1,0,,1,2,RN,4w,4b28f3b3n@,,4w,4b28f3b3n@,0,0,4w,4b28f3b3n@,0,1,0,1,4w,4,b28f3b3n@,FALSE,FALSE,FALSE,FALSE,TRUE,FALSE,b28f3b3n,b28f3b3,bfb,3,1,1,GM,1,6,3,1,2,2,,,3
20170129-M-Australian_Open-F-Rafael_Nadal-Roger_Federer,221,0-0,36,0,0,,2,1,RF,6f28f1b2f2f3b2f3s3f1*,,,6f28f1b2f2f3b2f3s3f1*,,0,,6f28f1b2f2f3b2f3s3f1*,,1,,1,0,6,,f28f1b2f2f3b2f3s3f1*,FALSE,FALSE,TRUE,FALSE,FALSE,FALSE,f28f1b2f2f3b2f3s3f1,f28f1b2f2f3b2f3s3f1,ffbffbfsf,9,1,0,0-15,0,0,0,0,2,2,,,10
20170129-M-Australian_Open-F-Rafael_Nadal-Roger_Federer,222,0-15,36,0,0,,2,1,RF,6w,6f29f1b3b3f3b2f2f1b2b1b3b3f3b2b2f2n@,,6w,6f29f1b3b3f3b2f2f1b2b1b3b3f3b2b2f2n@,0,0,6w,6f29f1b3b3f3b2f2f1b2b1b3b3f3b2b2f2n@,0,1,0,1,6w,6,f29f1b3b3f3b2f2f1b2b1b3b3f3b2b2f2n@,FALSE,FALSE,FALSE,FALSE,TRUE,FALSE,f29f1b3b3f3b2f2f1b2b1b3b3f3b2b2f2n,f29f1b3b3f3b2f2f1b2b1b3b3f3b2b2f2,ffbbfbffbbbbfbbf,16,1,0,0-30,0,0,0,0,2,2,,,16
20170129-M-Australian_Open-F-Rafael_Nadal-Roger_Federer,223,0-30,36,0,0,,2,1,RF,6d,5f27f1*,,6d,5f27f1*,0,0,6d,5f27f1*,0,1,0,1,6d,5,f27f1*,FALSE,FALSE,TRUE,FALSE,FALSE,FALSE,f27f1,f27f1,ff,2,2,1,15-30,0,0,0,0,2,2,,,3
20170129-M-Australian_Open-F-Rafael_Nadal-Roger_Federer,224,15-30,36,0,0,,2,1,RF,4w,6f38f3f1*,,4w,6f38f3f1*,0,0,4w,6f38f3f1*,0,1,0,1,4w,6,f38f3f1*,FALSE,FALSE,TRUE,FALSE,FALSE,FALSE,f38f3f1,f38f3f1,fff,3,1,0,15-40,0,0,0,0,2,2,,,4
20170129-M-Australian_Open-F-Rafael_Nadal-Roger_Federer,225,15-40,36,0,0,,2,1,RF,6r29f1b2f1b3f1b2f1b2b1b2f1*,,,6r29f1b2f1b3f1b2f1b2b1b2f1*,,0,,6r29f1b2f1b3f1b2f1b2b1b2f1*,,1,,1,0,6,,r29f1b2f1b3f1b2f1b2b1b2f1*,FALSE,FALSE,TRUE,FALSE,FALSE,FALSE,r29f1b2f1b3f1b2f1b2b1b2f1,r29f1b2f1b3f1b2f1b2b1b2f1,rfbfbfbfbbbf,12,2,1,30-40,0,0,0,0,2,2,,,13
20170129-M-Australian_Open-F-Rafael_Nadal-Roger_Federer,226,30-40,36,0,0,,2,1,RF,4x,6f28f1b2f1b2f3w@,,4x,6f28f1b2f1b2f3w@,0,0,4x,6f28f1b2f1b2f3w@,0,1,0,1,4x,6,f28f1b2f1b2f3w@,FALSE,FALSE,FALSE,FALSE,TRUE,FALSE,f28f1b2f1b2f3w,f28f1b2f1b2f3,ffbfbf,6,1,0,GM,1,1,0,0,2,2,,,6
20170129-M-Australian_Open-F-Rafael_Nadal-Roger_Federer,227,0-0,37,0,0,,1,2,RN,6b18b2f1+b3z1bz#,,,6b18b2f1+b3z1bz#,,0,,6b18b2f1+b3z1bz#,,1,,1,0,6,,b18b2f1+b3z1bz#,FALSE,FALSE,FALSE,TRUE,FALSE,FALSE,b18b2f1b3z1bz,b18b2f1b3z1bz,bbfbzbz,7,1,1,15-0,0,1,0,0,2,2,,,7
20170129-M-Australian_Open-F-Rafael_Nadal-Roger_Federer,228,15-0,37,0,0,,1,2,RN,5s28f3n@,,,5s28f3n@,,0,,5s28f3n@,,1,,1,0,5,,s28f3n@,FALSE,FALSE,FALSE,FALSE,TRUE,FALSE,s28f3n,s28f3,sf,2,2,0,15-15,0,1,0,0,2,2,,,2
20170129-M-Australian_Open-F-Rafael_Nadal-Roger_Federer,229,15-15,37,0,0,,1,2,RN,5f29f3b3f3;b-1*,,,5f29f3b3f3;b-1*,,0,,5f29f3b3f3;b-1*,,1,,1,0,5,,f29f3b3f3;b-1*,FALSE,FALSE,TRUE,FALSE,FALSE,FALSE,f29f3b3f3b1,f29f3b3f3b1,ffbfb,5,2,0,15-30,0,1,0,0,2,2,,,6
20170129-M-Australian_Open-F-Rafael_Nadal-Roger_Federer,230,15-30,37,0,0,,1,2,RN,6r29f3b3f3b3f3b3*,,,6r29f3b3f3b3f3b3*,,0,,6r29f3b3f3b3f3b3*,,1,,1,0,6,,r29f3b3f3b3f3b3*,FALSE,FALSE,TRUE,FALSE,FALSE,FALSE,r29f3b3f3b3f3b3,r29f3b3f3b3f3b3,rfbfbfb,7,2,0,15-40,0,1,0,0,2,2,,,8
20170129-M-Australian_Open-F-Rafael_Nadal-Roger_Federer,231,15-40,37,0,0,,1,2,RN,6w,5f29f3b2n@,,6w,5f29f3b2n@,0,0,6w,5f29f3b2n@,0,1,0,1,6w,5,f29f3b2n@,FALSE,FALSE,FALSE,FALSE,TRUE,FALSE,f29f3b2n,f29f3b2,ffb,3,1,1,30-40,0,1,0,0,2,2,,,3
20170129-M-Australian_Open-F-Rafael_Nadal-Roger_Federer,232,30-40,37,0,0,,1,2,RN,6f18f3*,,,6f18f3*,,0,,6f18f3*,,1,,1,0,6,,f18f3*,FALSE,FALSE,TRUE,FALSE,FALSE,FALSE,f18f3,f18f3,ff,2,1,1,40-40,0,1,0,0,2,2,,,3
20170129-M-Australian_Open-F-Rafael_Nadal-Roger_Federer,233,40-40,37,0,0,,1,2,RN,5r38f3b1b1f2;*,,,5r38f3b1b1f2;*,,0,,5r38f3b1b1f2;*,,1,,1,0,5,,r38f3b1b1f2;*,FALSE,FALSE,TRUE,FALSE,FALSE,FALSE,r38f3b1b1f2,r38f3b1b1f2,rfbbf,5,2,0,40-AD,0,1,0,0,2,2,,,6
20170129-M-Australian_Open-F-Rafael_Nadal-Roger_Federer,234,40-AD,37,0,0,,1,2,RN,4b29f1r2f1*,,,4b29f1r2f1*,,0,,4b29f1r2f1*,,1,,1,0,4,,b29f1r2f1*,FALSE,FALSE,TRUE,FALSE,FALSE,FALSE,b29f1r2f1,b29f1r2f1,bfrf,4,1,1,40-40,0,1,0,0,2,2,,,5
20170129-M-Australian_Open-F-Rafael_Nadal-Roger_Federer,235,40-40,37,0,0,,1,2,RN,6b38f1*,,,6b38f1*,,0,,6b38f1*,,1,,1,0,6,,b38f1*,FALSE,FALSE,TRUE,FALSE,FALSE,FALSE,b38f1,b38f1,bf,2,1,1,AD-40,0,1,0,0,2,2,,,3
20170129-M-Australian_Open-F-Rafael_Nadal-Roger_Federer,236,AD-40,37,0,0,,1,2,RN,5f28b1f3d@,,,5f28b1f3d@,,0,,5f28b1f3d@,,1,,1,0,5,,f28b1f3d@,FALSE,FALSE,FALSE,FALSE,TRUE,FALSE,f28b1f3d,f28b1f3,fbf,3,1,1,GM,1,2,0,0,2,2,,,3
20170129-M-Australian_Open-F-Rafael_Nadal-Roger_Federer,237,0-0,38,0,0,,2,1,RF,4n,6f#,,4n,6f#,0,0,4n,6f#,0,1,0,1,4n,6,f#,FALSE,FALSE,FALSE,TRUE,FALSE,FALSE,f,f,f,1,2,1,15-0,0,2,0,0,2,2,,,1
20170129-M-Australian_Open-F-Rafael_Nadal-Roger_Federer,238,15-0,38,0,0,,2,1,RF,6b28f1b1f2f3s3f3b1*,,RN CH winner unsucc,6b28f1b1f2f3s3f3b1*,,0,,6b28f1b1f2f3s3f3b1*,,1,,1,0,6,,b28f1b1f2f3s3f3b1*,FALSE,FALSE,TRUE,FALSE,FALSE,FALSE,b28f1b1f2f3s3f3b1,b28f1b1f2f3s3f3b1,bfbffsfb,8,2,1,30-0,0,2,0,0,2,2,,,9
20170129-M-Australian_Open-F-Rafael_Nadal-Roger_Federer,239,30-0,38,0,0,,2,1,RF,4n,4+b27v3*,,4n,4+b27v3*,0,1,4n,4b27v3*,0,1,0,1,4n,4,b27v3*,FALSE,FALSE,TRUE,FALSE,FALSE,FALSE,b27v3,b27v3,bv,2,2,1,40-0,0,2,0,0,2,2,,,3
20170129-M-Australian_Open-F-Rafael_Nadal-Roger_Federer,240,40-0,38,0,0,,2,1,RF,6n,6b29f3f3b3*,,6n,6b29f3f3b3*,0,0,6n,6b29f3f3b3*,0,1,0,1,6n,6,b29f3f3b3*,FALSE,FALSE,TRUE,FALSE,FALSE,FALSE,b29f3f3b3,b29f3f3b3,bffb,4,2,1,GM,2,2,1,0,2,2,,,5
20170129-M-Australian_Open-F-Rafael_Nadal-Roger_Federer,241,0-0,39,0,0,,1,2,RN,5b29f2b3n@,,,5b29f2b3n@,,0,,5b29f2b3n@,,1,,1,0,5,,b29f2b3n@,FALSE,FALSE,FALSE,FALSE,TRUE,FALSE,b29f2b3n,b29f2b3,bfb,3,1,1,15-0,0,2,1,0,2,2,,,3
20170129-M-Australian_Open-F-Rafael_Nadal-Roger_Federer,242,15-0,39,0,0,,1,2,RN,5b1d#,,,5b1d#,,0,,5b1d#,,1,,1,0,5,,b1d#,FALSE,FALSE,FALSE,TRUE,FALSE,FALSE,b1d,b1,b,1,1,1,30-0,0,2,1,0,2,2,,,1
20170129-M-Australian_Open-F-Rafael_Nadal-Roger_Federer,243,30-0,39,0,0,,1,2,RN,6n,6n,,6n,6n,0,0,6n,6n,0,0,0,0,6n,6n,,FALSE,FALSE,FALSE,FALSE,FALSE,TRUE,,,,0,2,0,30-15,0,2,1,0,2,2,,,0
20170129-M-Australian_Open-F-Rafael_Nadal-Roger_Federer,244,30-15,39,0,0,,1,2,RN,4b29f1f1b2b3*,,,4b29f1f1b2b3*,,0,,4b29f1f1b2b3*,,1,,1,0,4,,b29f1f1b2b3*,FALSE,FALSE,TRUE,FALSE,FALSE,FALSE,b29f1f1b2b3,b29f1f1b2b3,bffbb,5,2,0,30-30,0,2,1,0,2,2,,,6
20170129-M-Australian_Open-F-Rafael_Nadal-Roger_Federer,245,30-30,39,0,0,,1,2,RN,5f2n#,,,5f2n#,,0,,5f2n#,,1,,1,0,5,,f2n#,FALSE,FALSE,FALSE,TRUE,FALSE,FALSE,f2n,f2,f,1,1,1,40-30,0,2,1,0,2,2,,,1
20170129-M-Australian_Open-F-Rafael_Nadal-Roger_Federer,246,40-30,39,0,0,,1,2,RN,5f29f1f1s3f3f2d@,,,5f29f1f1s3f3f2d@,,0,,5f29f1f1s3f3f2d@,,1,,1,0,5,,f29f1f1s3f3f2d@,FALSE,FALSE,FALSE,FALSE,TRUE,FALSE,f29f1f1s3f3f2d,f29f1f1s3f3f2,fffsff,6,2,0,40-40,0,2,1,0,2,2,,,6
20170129-M-Australian_Open-F-Rafael_Nadal-Roger_Federer,247,40-40,39,0,0,,1,2,RN,c6b17b1f1b3b1*,,,6b17b1f1b3b1*,,0,,6b17b1f1b3b1*,,1,,1,0,6,,b17b1f1b3b1*,FALSE,FALSE,TRUE,FALSE,FALSE,FALSE,b17b1f1b3b1,b17b1f1b3b1,bbfbb,5,2,0,40-AD,0,2,1,0,2,2,,,6
20170129-M-Australian_Open-F-Rafael_Nadal-Roger_Federer,248,40-AD,39,0,0,,1,2,RN,6f29f1f2f2f1b1*,,,6f29f1f2f2f1b1*,,0,,6f29f1f2f2f1b1*,,1,,1,0,6,,f29f1f2f2f1b1*,FALSE,FALSE,TRUE,FALSE,FALSE,FALSE,f29f1f2f2f1b1,f29f1f2f2f1b1,fffffb,6,1,1,40-40,0,2,1,0,2,2,,,7
20170129-M-Australian_Open-F-Rafael_Nadal-Roger_Federer,249,40-40,39,0,0,,1,2,RN,5f29f3b3f3b3+d@,,,5f29f3b3f3b3+d@,,0,,5f29f3b3f3b3+d@,,1,,1,0,5,,f29f3b3f3b3+d@,FALSE,FALSE,FALSE,FALSE,TRUE,FALSE,f29f3b3f3b3d,f29f3b3f3b3,ffbfb,5,1,1,AD-40,0,2,1,0,2,2,,,5
20170129-M-Australian_Open-F-Rafael_Nadal-Roger_Federer,250,AD-40,39,0,0,,1,2,RN,5b#,,,5b#,,0,,5b#,,1,,1,0,5,,b#,FALSE,FALSE,FALSE,TRUE,FALSE,FALSE,b,b,b,1,1,1,GM,1,3,1,0,2,2,,,1
20170129-M-Australian_Open-F-Rafael_Nadal-Roger_Federer,251,0-0,40,0,0,,2,1,RF,4w,4b18f2f2s2s3f1b2b1s#,,4w,4b18f2f2s2s3f1b2b1s#,0,0,4w,4b18f2f2s2s3f1b2b1s#,0,1,0,1,4w,4,b18f2f2s2s3f1b2b1s#,FALSE,FALSE,FALSE,TRUE,FALSE,FALSE,b18f2f2s2s3f1b2b1s,b18f2f2s2s3f1b2b1s,bffssfbbs,9,2,1,15-0,0,3,1,0,2,2,,,9
20170129-M-Australian_Open-F-Rafael_Nadal-Roger_Federer,252,15-0,40,0,0,,2,1,RF,4f37f3f3b3f3y1b3*,,,4f37f3f3b3f3y1b3*,,0,,4f37f3f3b3f3y1b3*,,1,,1,0,4,,f37f3f3b3f3y1b3*,FALSE,FALSE,TRUE,FALSE,FALSE,FALSE,f37f3f3b3f3y1b3,f37f3f3b3f3y1b3,fffbfyb,7,1,0,15-15,0,3,1,0,2,2,,,8
20170129-M-Australian_Open-F-Rafael_Nadal-Roger_Federer,253,15-15,40,0,0,,2,1,RF,4s37f-1*,,,4s37f-1*,,0,,4s37f-1*,,1,,1,0,4,,s37f-1*,FALSE,FALSE,TRUE,FALSE,FALSE,FALSE,s37f1,s37f1,sf,2,2,1,30-15,0,3,1,0,2,2,,,3
20170129-M-Australian_Open-F-Rafael_Nadal-Roger_Federer,254,30-15,40,0,0,,2,1,RF,4+f17f1-*,,,4+f17f1-*,,1,,4f17f1-*,,1,,1,0,4,,f17f1-*,FALSE,FALSE,TRUE,FALSE,FALSE,FALSE,f17f1,f17f1,ff,2,2,1,40-15,0,3,1,0,2,2,,,3
20170129-M-Australian_Open-F-Rafael_Nadal-Roger_Federer,255,40-15,40,0,0,,2,1,RF,4w,4b#,,4w,4b#,0,0,4w,4b#,0,1,0,1,4w,4,b#,FALSE,FALSE,FALSE,TRUE,FALSE,FALSE,b,b,b,1,2,1,GM,2,3,2,0,2,2,,,1
20170129-M-Australian_Open-F-Rafael_Nadal-Roger_Federer,256,0-0,41,0,0,,1,2,RN,5b;28f3b2f1f2f3b2f3b2b1f1b2f2f2b2f3b3*,,,5b;28f3b2f1f2f3b2f3b2b1f1b2f2f2b2f3b3*,,0,,5b;28f3b2f1f2f3b2f3b2b1f1b2f2f2b2f3b3*,,1,,1,0,5,,b;28f3b2f1f2f3b2f3b2b1f1b2f2f2b2f3b3*,FALSE,FALSE,TRUE,FALSE,FALSE,FALSE,b28f3b2f1f2f3b2f3b2b1f1b2f2f2b2f3b3,b28f3b2f1f2f3b2f3b2b1f1b2f2f2b2f3b3,bfbfffbfbbfbffbfb,17,2,0,0-15,0,3,2,0,2,2,,,18
20170129-M-Australian_Open-F-Rafael_Nadal-Roger_Federer,257,0-15,41,0,0,,1,2,RN,6f29f3f3f3f3f2n@,,,6f29f3f3f3f3f2n@,,0,,6f29f3f3f3f3f2n@,,1,,1,0,6,,f29f3f3f3f3f2n@,FALSE,FALSE,FALSE,FALSE,TRUE,FALSE,f29f3f3f3f3f2n,f29f3f3f3f3f2,ffffff,6,2,0,0-30,0,3,2,0,2,2,,,6
20170129-M-Australian_Open-F-Rafael_Nadal-Roger_Federer,258,0-30,41,0,0,,1,2,RN,4n,4f18b1f2b1f!@,,4n,4f18b1f2b1f!@,0,0,4n,4f18b1f2b1f!@,0,1,0,1,4n,4,f18b1f2b1f!@,FALSE,FALSE,FALSE,FALSE,TRUE,FALSE,f18b1f2b1f!,f18b1f2b1f,fbfbf,5,1,1,15-30,0,3,2,0,2,2,,,5
20170129-M-Australian_Open-F-Rafael_Nadal-Roger_Federer,259,15-30,41,0,0,,1,2,RN,4s37f1-*,,,4s37f1-*,,0,,4s37f1-*,,1,,1,0,4,,s37f1-*,FALSE,FALSE,TRUE,FALSE,FALSE,FALSE,s37f1,s37f1,sf,2,1,1,30-30,0,3,2,0,2,2,,,3
20170129-M-Australian_Open-F-Rafael_Nadal-Roger_Federer,260,30-30,41,0,0,,1,2,RN,5f28f1f2f3b2f1d@,,RN CH error unsucc,5f28f1f2f3b2f1d@,,0,,5f28f1f2f3b2f1d@,,1,,1,0,5,,f28f1f2f3b2f1d@,FALSE,FALSE,FALSE,FALSE,TRUE,FALSE,f28f1f2f3b2f1d,f28f1f2f3b2f1,ffffbf,6,2,0,30-40,0,3,2,0,2,2,,,6
20170129-M-Australian_Open-F-Rafael_Nadal-Roger_Federer,261,30-40,41,0,0,,1,2,RN,5f28f3*,,,5f28f3*,,0,,5f28f3*,,1,,1,0,5,,f28f3*,FALSE,FALSE,TRUE,FALSE,FALSE,FALSE,f28f3,f28f3,ff,2,1,1,40-40,0,3,2,0,2,2,,,3
20170129-M-Australian_Open-F-Rafael_Nadal-Roger_Federer,262,40-40,41,0,0,,1,2,RN,4f1n#,,,4f1n#,,0,,4f1n#,,1,,1,0,4,,f1n#,FALSE,FALSE,FALSE,TRUE,FALSE,FALSE,f1n,f1,f,1,1,1,AD-40,0,3,2,0,2,2,,,1
20170129-M-Australian_Open-F-Rafael_Nadal-Roger_Federer,263,AD-40,41,0,0,,1,2,RN,5b37f3;w@,,,5b37f3;w@,,0,,5b37f3;w@,,1,,1,0,5,,b37f3;w@,FALSE,FALSE,FALSE,FALSE,TRUE,FALSE,b37f3w,b37f3,bf,2,2,0,40-40,0,3,2,0,2,2,,,2
20170129-M-Australian_Open-F-Rafael_Nadal-Roger_Federer,264,40-40,41,0,0,,1,2,RN,6b28f1f1f3b3*,,,6b28f1f1f3b3*,,0,,6b28f1f1f3b3*,,1,,1,0,6,,b28f1f1f3b3*,FALSE,FALSE,TRUE,FALSE,FALSE,FALSE,b28f1f1f3b3,b28f1f1f3b3,bfffb,5,2,0,40-AD,0,3,2,0,2,2,,,6
20170129-M-Australian_Open-F-Rafael_Nadal-Roger_Federer,265,40-AD,41,0,0,,1,2,RN,5b29f3b2f3b3f3b2f1w@,,,5b29f3b2f3b3f3b2f1w@,,0,,5b29f3b2f3b3f3b2f1w@,,1,,1,0,5,,b29f3b2f3b3f3b2f1w@,FALSE,FALSE,FALSE,FALSE,TRUE,FALSE,b29f3b2f3b3f3b2f1w,b29f3b2f3b3f3b2f1,bfbfbfbf,8,2,0,GM,2,3,3,0,2,2,,,8
20170129-M-Australian_Open-F-Rafael_Nadal-Roger_Federer,266,0-0,42,0,0,,2,1,RF,4*,,,4*,,0,,4*,,1,,0,0,4*,,,TRUE,FALSE,FALSE,FALSE,FALSE,FALSE,,,,0,2,1,15-0,0,3,3,0,2,2,,,1
20170129-M-Australian_Open-F-Rafael_Nadal-Roger_Federer,267,15-0,42,0,0,,2,1,RF,6b27f1+b2v3*,,,6b27f1+b2v3*,,0,,6b27f1+b2v3*,,1,,1,0,6,,b27f1+b2v3*,FALSE,FALSE,TRUE,FALSE,FALSE,FALSE,b27f1b2v3,b27f1b2v3,bfbv,4,2,1,30-0,0,3,3,0,2,2,,,5
20170129-M-Australian_Open-F-Rafael_Nadal-Roger_Federer,268,30-0,42,0,0,,2,1,RF,4b#,,,4b#,,0,,4b#,,1,,1,0,4,,b#,FALSE,FALSE,FALSE,TRUE,FALSE,FALSE,b,b,b,1,2,1,40-0,0,3,3,0,2,2,,,1
20170129-M-Australian_Open-F-Rafael_Nadal-Roger_Federer,269,40-0,42,0,0,,2,1,RF,4n,4*,,4n,4*,0,0,4n,4*,0,1,0,0,4n,4*,,TRUE,FALSE,FALSE,FALSE,FALSE,FALSE,,,,0,2,1,GM,2,3,4,0,2,2,,,1
20170129-M-Australian_Open-F-Rafael_Nadal-Roger_Federer,270,0-0,43,0,0,,1,2,RN,5f29f3s3f-1x#,,,5f29f3s3f-1x#,,0,,5f29f3s3f-1x#,,1,,1,0,5,,f29f3s3f-1x#,FALSE,FALSE,FALSE,TRUE,FALSE,FALSE,f29f3s3f1x,f29f3s3f1,ffsf,4,2,0,0-15,0,3,4,0,2,2,,,4
20170129-M-Australian_Open-F-Rafael_Nadal-Roger_Federer,271,0-15,43,0,0,,1,2,RN,5f19b1f1b3b2b1f3r3f-3f1w#,,,5f19b1f1b3b2b1f3r3f-3f1w#,,0,,5f19b1f1b3b2b1f3r3f-3f1w#,,1,,1,0,5,,f19b1f1b3b2b1f3r3f-3f1w#,FALSE,FALSE,FALSE,TRUE,FALSE,FALSE,f19b1f1b3b2b1f3r3f3f1w,f19b1f1b3b2b1f3r3f3f1,fbfbbbfrff,10,2,0,0-30,0,3,4,0,2,2,,,10
20170129-M-Australian_Open-F-Rafael_Nadal-Roger_Federer,272,0-30,43,0,0,,1,2,RN,6w,6n,,6w,6n,0,0,6w,6n,0,0,0,0,6w,6n,,FALSE,FALSE,FALSE,FALSE,FALSE,TRUE,,,,0,2,0,0-40,0,3,4,0,2,2,,,0
20170129-M-Australian_Open-F-Rafael_Nadal-Roger_Federer,273,0-40,43,0,0,,1,2,RN,4b39f1l#,,,4b39f1l#,,0,,4b39f1l#,,1,,1,0,4,,b39f1l#,FALSE,FALSE,FALSE,TRUE,FALSE,FALSE,b39f1l,b39f1l,bfl,3,1,1,15-40,0,3,4,0,2,2,,,3
20170129-M-Australian_Open-F-Rafael_Nadal-Roger_Federer,274,15-40,43,0,0,,1,2,RN,5f#,,,5f#,,0,,5f#,,1,,1,0,5,,f#,FALSE,FALSE,FALSE,TRUE,FALSE,FALSE,f,f,f,1,1,1,30-40,0,3,4,0,2,2,,,1
20170129-M-Australian_Open-F-Rafael_Nadal-Roger_Federer,275,30-40,43,0,0,,1,2,RN,6d,4b#,,6d,4b#,0,0,6d,4b#,0,1,0,1,6d,4,b#,FALSE,FALSE,FALSE,TRUE,FALSE,FALSE,b,b,b,1,1,1,40-40,0,3,4,0,2,2,,,1
20170129-M-Australian_Open-F-Rafael_Nadal-Roger_Federer,276,40-40,43,0,0,,1,2,RN,6d,4f18b3s3f1f2f2f2f2f2f3b3f3b3f2f1b1f3f1f2b1f1b2f1b1f3*,,6d,4f18b3s3f1f2f2f2f2f2f3b3f3b3f2f1b1f3f1f2b1f1b2f1b1f3*,0,0,6d,4f18b3s3f1f2f2f2f2f2f3b3f3b3f2f1b1f3f1f2b1f1b2f1b1f3*,0,1,0,1,6d,4,f18b3s3f1f2f2f2f2f2f3b3f3b3f2f1b1f3f1f2b1f1b2f1b1f3*,FALSE,FALSE,TRUE,FALSE,FALSE,FALSE,f18b3s3f1f2f2f2f2f2f3b3f3b3f2f1b1f3f1f2b1f1b2f1b1f3,f18b3s3f1f2f2f2f2f2f3b3f3b3f2f1b1f3f1f2b1f1b2f1b1f3,fbsfffffffbfbffbfffbfbfbf,25,2,0,40-AD,0,3,4,0,2,2,,,26
20170129-M-Australian_Open-F-Rafael_Nadal-Roger_Federer,277,40-AD,43,0,0,,1,2,RN,6#,,,6#,,0,,6#,,1,,0,0,6#,,,FALSE,TRUE,FALSE,FALSE,FALSE,FALSE,,,,0,1,1,40-40,0,3,4,0,2,2,,,1
20170129-M-Australian_Open-F-Rafael_Nadal-Roger_Federer,278,40-40,43,0,0,,1,2,RN,6b28b2b3f3b3f2f2b2f3+f#,,,6b28b2b3f3b3f2f2b2f3+f#,,0,,6b28b2b3f3b3f2f2b2f3+f#,,1,,1,0,6,,b28b2b3f3b3f2f2b2f3+f#,FALSE,FALSE,FALSE,TRUE,FALSE,FALSE,b28b2b3f3b3f2f2b2f3f,b28b2b3f3b3f2f2b2f3f,bbbfbffbff,10,2,0,40-AD,0,3,4,0,2,2,,,10
20170129-M-Australian_Open-F-Rafael_Nadal-Roger_Federer,279,40-AD,43,0,0,,1,2,RN,4b37f#,,,4b37f#,,0,,4b37f#,,1,,1,0,4,,b37f#,FALSE,FALSE,FALSE,TRUE,FALSE,FALSE,b37f,b37f,bf,2,2,0,GM,2,3,5,0,2,2,,,2
20170129-M-Australian_Open-F-Rafael_Nadal-Roger_Federer,280,0-0,44,0,0,,2,1,RF,6d,4+b17*,,6d,4+b17*,0,1,6d,4b17*,0,1,0,1,6d,4,b17*,FALSE,FALSE,TRUE,FALSE,FALSE,FALSE,b17,b17,b,1,1,0,0-15,0,3,5,0,2,2,,,2
20170129-M-Australian_Open-F-Rafael_Nadal-Roger_Federer,281,0-15,44,0,0,,2,1,RF,6d,6f39b3f3b2f2b3f1f1b3b3f3b2b1f1b2b1d@,,6d,6f39b3f3b2f2b3f1f1b3b3f3b2b1f1b2b1d@,0,0,6d,6f39b3f3b2f2b3f1f1b3b3f3b2b1f1b2b1d@,0,1,0,1,6d,6,f39b3f3b2f2b3f1f1b3b3f3b2b1f1b2b1d@,FALSE,FALSE,FALSE,FALSE,TRUE,FALSE,f39b3f3b2f2b3f1f1b3b3f3b2b1f1b2b1d,f39b3f3b2f2b3f1f1b3b3f3b2b1f1b2b1,fbfbfbffbbfbbfbb,16,1,0,0-30,0,3,5,0,2,2,,,16
20170129-M-Australian_Open-F-Rafael_Nadal-Roger_Federer,282,0-30,44,0,0,,2,1,RF,6*,,,6*,,0,,6*,,1,,0,0,6*,,,TRUE,FALSE,FALSE,FALSE,FALSE,FALSE,,,,0,2,1,15-30,0,3,5,0,2,2,,,1
20170129-M-Australian_Open-F-Rafael_Nadal-Roger_Federer,283,15-30,44,0,0,,2,1,RF,4f39f2b1f1b3+m1z1*,,,4f39f2b1f1b3+m1z1*,,0,,4f39f2b1f1b3+m1z1*,,1,,1,0,4,,f39f2b1f1b3+m1z1*,FALSE,FALSE,TRUE,FALSE,FALSE,FALSE,f39f2b1f1b3m1z1,f39f2b1f1b3m1z1,ffbfbmz,7,1,0,15-40,0,3,5,0,2,2,,,8
20170129-M-Australian_Open-F-Rafael_Nadal-Roger_Federer,284,15-40,44,0,0,,2,1,RF,6*,,,6*,,0,,6*,,1,,0,0,6*,,,TRUE,FALSE,FALSE,FALSE,FALSE,FALSE,,,,0,2,1,30-40,0,3,5,0,2,2,,,1
20170129-M-Australian_Open-F-Rafael_Nadal-Roger_Federer,285,30-40,44,0,0,,2,1,RF,6n,6f39f3f3f3*,,6n,6f39f3f3f3*,0,0,6n,6f39f3f3f3*,0,1,0,1,6n,6,f39f3f3f3*,FALSE,FALSE,TRUE,FALSE,FALSE,FALSE,f39f3f3f3,f39f3f3f3,ffff,4,2,1,40-40,0,3,5,0,2,2,,,5
20170129-M-Australian_Open-F-Rafael_Nadal-Roger_Federer,286,40-40,44,0,0,,2,1,RF,6f2d#,,,6f2d#,,0,,6f2d#,,1,,1,0,6,,f2d#,FALSE,FALSE,FALSE,TRUE,FALSE,FALSE,f2d,f2,f,1,2,1,AD-40,0,3,5,0,2,2,,,1
20170129-M-Australian_Open-F-Rafael_Nadal-Roger_Federer,287,AD-40,44,0,0,,2,1,RF,4d,6f28f3d@,RF CH 2nd sv succ; RF CH 1st sv unsucc,4d,6f28f3d@,0,0,4d,6f28f3d@,0,1,0,1,4d,6,f28f3d@,FALSE,FALSE,FALSE,FALSE,TRUE,FALSE,f28f3d,f28f3,ff,2,1,0,40-40,0,3,5,0,2,2,,,2
20170129-M-Australian_Open-F-Rafael_Nadal-Roger_Federer,288,40-40,44,0,0,,2,1,RF,4*,,,4*,,0,,4*,,1,,0,0,4*,,,TRUE,FALSE,FALSE,FALSE,FALSE,FALSE,,,,0,2,1,AD-40,0,3,5,0,2,2,,,1
20170129-M-Australian_Open-F-Rafael_Nadal-Roger_Federer,289,AD-40,44,0,0,,2,1,RF,6s28f+1*,,RN CH winner unsucc,6s28f+1*,,0,,6s28f+1*,,1,,1,0,6,,s28f+1*,FALSE,FALSE,TRUE,FALSE,FALSE,FALSE,s28f1,s28f1,sf,2,2,1,GM,2,3,6,2,2,3,,,3
